date,coin_id,price,volume,market_cap
2020-10-14,near,1.1838733589946326,76095809.64229831,0
2020-10-15,near,1.1838733589946326,76095809.64229831,0
2020-10-16,near,1.1247825676172798,25157383.02691552,0
2020-10-17,near,0.8178603403509889,30248557.55041884,0
2020-10-18,near,0.80876707573829,16722844.027381418,0
2020-10-19,near,0.8671602594604444,9335022.17417277,0
2020-10-20,near,0.7908298093375647,8205676.952886833,0
2020-10-21,near,0.6766914927977854,12918716.809547676,0
2020-10-22,near,0.7009181972941939,12198251.794537595,0
2020-10-23,near,0.7464007118165821,10836905.828836193,0
2020-10-24,near,0.7290171462057274,7683688.276508613,0
2020-10-25,near,0.7381754572628557,6682940.351835173,0
2020-10-26,near,0.8435465451752299,21309666.221524023,0
2020-10-27,near,0.7786056754874854,14097950.58233542,0
2020-10-28,near,0.761117659457054,10230792.963756915,0
2020-10-29,near,0.7007526394090624,10642568.785507457,0
2020-10-30,near,0.6900742525202638,8819125.994262757,0
2020-10-31,near,0.630716415125067,11040183.67624694,0
2020-11-01,near,0.628082841536203,6368696.963273847,0
2020-11-02,near,0.6341145616863946,11301499.28784441,0
2020-11-03,near,0.6062331084202002,17967546.222506564,0
2020-11-04,near,0.5620491680698492,6379271.705133689,0
2020-11-05,near,0.5330319166459828,6996812.978420456,0
2020-11-06,near,0.6928507248475891,19169035.4927029,0
2020-11-07,near,0.7175534667901879,15819152.717296226,0
2020-11-08,near,0.695745677742161,19747665.750918087,0
2020-11-09,near,0.8151473588606633,12033607.479106065,0
2020-11-10,near,0.9024674990365917,16705075.968852239,0
2020-11-11,near,0.9413519288313482,22576278.967333477,0
2020-11-12,near,0.8615006142048965,19195239.174221754,0
2020-11-13,near,0.7883341719133421,14963439.07272913,0
2020-11-14,near,0.8984439157000946,22913895.186391026,0
2020-11-15,near,0.8707515158173079,19257396.934388038,0
2020-11-16,near,0.8332277720543532,26602325.135237265,0
2020-11-17,near,0.8664303565565092,29878020.60227782,0
2020-11-18,near,0.9303483284292153,40478046.02502659,0
2020-11-19,near,0.8310328830887517,34834185.403023005,0
2020-11-20,near,0.8437453048255209,11446747.681280816,0
2020-11-21,near,0.9381409113799426,28095061.237451293,0
2020-11-22,near,1.1931105678175205,85227286.17935333,0
2020-11-23,near,1.0791613513352254,53281344.1997513,214628932.756327
2020-11-24,near,1.1720263745587842,41912097.64003675,231374725.41431978
2020-11-25,near,1.236257728874692,50983358.3519749,247715664.95558006
2020-11-26,near,1.1075205643603636,42363338.56079382,223152648.58961877
2020-11-27,near,1.0076121352945775,43224751.0777297,203224837.6408594
2020-11-28,near,0.99709439650178,33171996.107662376,202667876.65804324
2020-11-29,near,1.0210661564167025,21757031.337974526,208875741.56559694
2020-11-30,near,1.0129840784580715,19853294.006829653,207949242.89533466
2020-12-01,near,1.0738702550748922,24850099.253747765,222343600.618726
2020-12-02,near,1.07032394317336,71847657.43351948,222197426.23321077
2020-12-03,near,1.1827769487065563,46979585.65472255,246955791.15000382
2020-12-04,near,1.1532949652249318,15229950.096047375,241860488.70564315
2020-12-05,near,1.1059921871819645,29730619.197853968,232465168.94486883
2020-12-06,near,1.1120270389864544,38749345.99966506,235780016.84543568
2020-12-07,near,1.033180423681172,19141895.156142417,219785381.3232041
2020-12-08,near,1.011543349433404,14561327.669916851,216790353.1300778
2020-12-09,near,0.9325312880461403,20417887.754960563,201650097.8780381
2020-12-10,near,0.999219587602759,30512762.74382265,216083369.64059186
2020-12-11,near,0.9558610950333708,16640639.339750597,209474247.7892912
2020-12-12,near,0.8706813691827192,16880677.058336064,190541579.4984398
2020-12-13,near,0.9177302021592217,10351975.723894509,201798495.74225697
2020-12-14,near,0.9508063210477575,10032903.6494913,209202955.71850124
2020-12-15,near,0.9933527127864532,10987872.895892058,220048313.72649768
2020-12-16,near,1.0076363407336284,11100644.08198459,224050572.64889234
2020-12-17,near,1.0421791299216365,16281621.683646781,232652093.58614394
2020-12-18,near,0.9942277249260705,19343181.913756926,223344117.76193455
2020-12-19,near,1.0044161249740604,10633117.305575268,226239997.24659166
2020-12-20,near,1.0468715191834927,18058317.41999598,237290253.2667502
2020-12-21,near,1.0584245562796823,15614811.783638831,240764985.58141574
2020-12-22,near,1.2237814533948355,185242080.43289456,280595737.1956196
2020-12-23,near,1.1575469754985133,64784393.27219868,265861549.74918073
2020-12-24,near,0.9642786036519683,31187235.23602458,223751230.3084115
2020-12-25,near,1.061156024535133,19022808.425217222,246149196.96101096
2020-12-26,near,1.0191955833783306,16983932.325706333,237584393.64505413
2020-12-27,near,1.0241714019605817,15517466.246889295,239492876.1317622
2020-12-28,near,1.2021275782170335,43408448.787855186,288534734.41517544
2020-12-29,near,1.2268747719697568,38978154.906242594,289191871.6072324
2020-12-30,near,1.1694569898611062,27460808.000747483,278099035.9202955
2020-12-31,near,1.2105817462426818,29871366.925089493,288005719.4995615
2021-01-01,near,1.394950404995763,40897350.1989161,334409413.8032567
2021-01-02,near,1.3540472415447495,54888185.79342295,325326896.1283701
2021-01-03,near,1.4104870957150175,39144076.31376955,340617424.5678564
2021-01-04,near,1.4742575411259051,55748633.851986416,358682750.9770675
2021-01-05,near,1.3543608145746604,52181033.016069435,329010206.5301945
2021-01-06,near,1.5036654917749683,56520795.66680101,367328449.4261304
2021-01-07,near,1.5447075375867199,42837677.192228235,379064062.75014615
2021-01-08,near,1.500323513959518,39715582.946275465,370238624.18960017
2021-01-09,near,1.7121803404471623,94846191.84212743,418436402.40512526
2021-01-10,near,1.7688156465550509,109790082.18896937,441802395.52108073
2021-01-11,near,1.729354896974721,69717696.29001422,431132385.0656172
2021-01-12,near,1.4831589008894277,58627161.98886642,370070763.5328673
2021-01-13,near,1.4385110067287046,42208793.71737647,360883375.7625646
2021-01-14,near,1.608364237972651,33062637.786795363,406271834.15315574
2021-01-15,near,1.7229788374163193,40373814.05373685,437208040.7183766
2021-01-16,near,1.8343716631838378,74017636.64020596,465856625.69787765
2021-01-17,near,2.122260114926953,75292863.54960528,544674519.0856768
2021-01-18,near,2.5071404210898938,173355590.03932145,646459076.189548
2021-01-19,near,2.4040670014333507,82986907.34129757,618817004.3511071
2021-01-20,near,2.1784881049997225,51920300.96978856,567192486.5989544
2021-01-21,near,2.4877781680587487,122578438.68951604,645693967.4488719
2021-01-22,near,2.1728823564343354,82169047.8366051,571961479.7461324
2021-01-23,near,2.365129683797905,73319240.87759678,622143861.4292612
2021-01-24,near,2.368087326598329,51243228.500937246,619529046.4778594
2021-01-25,near,2.5602199424934438,75862075.02917622,674316291.4765018
2021-01-26,near,2.457767082760119,42474802.780048855,650781993.0654455
2021-01-27,near,2.381701044478212,62499952.50042827,635070787.8964105
2021-01-28,near,2.0440382370167147,61731309.58657845,543663902.1376038
2021-01-29,near,2.2612541989056725,62352842.38879972,607973486.2390429
2021-01-30,near,2.1978562415653013,57547388.74592507,590452358.6178486
2021-01-31,near,2.1679003497851213,53004552.97711796,584758000.1174599
2021-02-01,near,2.143256939415451,63057335.98207926,580232928.5793322
2021-02-02,near,2.2522046829744213,123259516.27388315,610335684.2837838
2021-02-03,near,2.4680846921397195,90949431.52430345,680934277.6135008
2021-02-04,near,2.5661874357978625,70361878.18578379,702332961.4952358
2021-02-05,near,2.50574360496662,72345283.34418142,689331530.0130956
2021-02-06,near,2.868403098975853,86147337.57305798,783291938.9001728
2021-02-07,near,2.6898562528900065,74128503.18233928,747333301.3128874
2021-02-08,near,3.361749513331022,160707665.6286849,944126091.812401
2021-02-09,near,3.505268144671747,135482828.30515736,962478560.836268
2021-02-10,near,3.2856745768673288,65836200.39543045,922691370.017027
2021-02-11,near,3.256715213690851,151776088.47195384,907970793.3903558
2021-02-12,near,3.443675961544189,96780556.31137589,974276610.8247341
2021-02-13,near,4.649528663779213,247545183.7849952,1318626121.795
2021-02-14,near,4.814046191435075,241511701.9562091,1393477615.197385
2021-02-15,near,4.36680489083599,105727989.53046948,1248701640.2588053
2021-02-16,near,3.962066252392961,146814295.1610198,1137788810.5125268
2021-02-17,near,4.056820407795763,91228422.390689,1161059810.581479
2021-02-18,near,4.21916889750941,89338356.42421289,1219963512.16118
2021-02-19,near,4.441248137246736,104571693.50755309,1284637894.4056573
2021-02-20,near,4.382456385374929,95131644.70558143,1250715185.5737102
2021-02-21,near,4.047632408576875,114351311.01748519,1160675573.6481295
2021-02-22,near,4.043735830582172,62356476.29447046,1181940955.4755297
2021-02-23,near,3.7751455122589235,136127395.3232861,1109275506.0581393
2021-02-24,near,3.3591414612216237,165031199.55106398,981514301.6847842
2021-02-25,near,3.6464596370580984,78780441.76564649,1077019746.5015037
2021-02-26,near,3.858960903227426,160581772.6017027,1152525048.164616
2021-02-27,near,4.243926598896912,258922550.86057374,1267490193.7027388
2021-02-28,near,4.059763240808478,91017369.9790759,1214539713.612067
2021-03-01,near,3.810274182624267,104501335.66480112,1156809180.3433075
2021-03-02,near,4.204080497414025,77419957.99643826,1274371576.62476
2021-03-03,near,4.0504648956213165,62432475.886679135,1230766268.3141668
2021-03-04,near,4.205342548435056,65054428.73103198,1286205536.8656743
2021-03-05,near,4.473790616734452,127152116.42061122,1370004534.6915443
2021-03-06,near,4.184226369325787,77114292.7375591,1283298508.7650723
2021-03-07,near,4.051697416461093,41719327.2993623,1246806364.3452597
2021-03-08,near,4.285319815567645,48626774.8733778,1325622713.1704288
2021-03-09,near,4.619141211148932,68510775.6606496,1435039688.1164007
2021-03-10,near,5.445464206698214,249989717.3643314,1688262622.0399582
2021-03-11,near,5.3129505207747005,261292396.47435588,1672927983.0080812
2021-03-12,near,5.96623562974407,243005431.72239432,1867279884.6625972
2021-03-13,near,6.940110178441307,369204733.0964165,2177722314.6669245
2021-03-14,near,7.429772907017742,216296396.01814657,2338252851.832899
2021-03-15,near,6.654229177234798,153728609.34540117,2130688271.4708724
2021-03-16,near,5.905638320081457,166720656.21953163,1893107194.1802204
2021-03-17,near,6.424356149187278,163423418.35594186,2049775243.6627185
2021-03-18,near,6.282880029499854,90774993.98939876,2010951874.1663198
2021-03-19,near,6.076565934692832,94911649.19619066,1950505064.0152276
2021-03-20,near,6.218619181577859,76893206.44922733,1998007864.5016181
2021-03-21,near,6.286223745648004,77625139.79792151,2045549897.2277176
2021-03-22,near,6.047092092206174,86286415.2759275,1962209356.5652108
2021-03-23,near,5.464233770968433,77811033.67643355,1782133062.8237944
2021-03-24,near,5.324996945716032,84996608.08037771,1742033976.3706334
2021-03-25,near,4.849877941264508,82081067.24618022,1604663835.6114218
2021-03-26,near,4.801157171474143,76822467.38080032,1576235014.8949823
2021-03-27,near,5.452409212424645,77928896.05526908,1794314444.161745
2021-03-28,near,5.318327715706132,63464559.63298094,1766156956.5518687
2021-03-29,near,5.590577206488248,87958394.63199128,1851992445.1256092
2021-03-30,near,5.812841055001866,76684415.64080043,1929802206.7807956
2021-03-31,near,6.340311973145245,166580248.7204258,2118980280.5425572
2021-04-01,near,5.996352794545257,82551701.22514151,2011919619.082573
2021-04-02,near,5.987223022647115,86841023.27063744,2012040267.4354215
2021-04-03,near,5.9825211977642105,63250839.90382695,2019177564.0935256
2021-04-04,near,5.678175509840373,93388177.67107363,1929281025.660102
2021-04-05,near,6.040250346327944,67991773.0296742,2038635218.1936104
2021-04-06,near,6.130912594634672,79343051.70605369,2084066639.2779024
2021-04-07,near,6.834440175857093,249885064.40391657,2345335020.619933
2021-04-08,near,6.139463547333392,165031206.16440618,2123642843.9835045
2021-04-09,near,6.685716139946188,133660598.46654703,2293573985.3624115
2021-04-10,near,6.406901607489015,62231330.66056456,2210350830.887615
2021-04-11,near,6.521915159784228,87906401.7936392,2247168662.9357557
2021-04-12,near,6.755231684356416,152728263.78595644,2346215287.936425
2021-04-13,near,6.7585583852029485,154590854.52350166,2356682354.6547303
2021-04-14,near,6.530487270364929,113929294.70654568,2279066759.057621
2021-04-15,near,6.357347836026816,117326077.08876704,2225788007.5180073
2021-04-16,near,6.563706187656443,84767514.0653857,2299820696.797676
2021-04-17,near,5.9670206576335385,113767066.18324694,2107169115.7008862
2021-04-18,near,5.87920108445846,83000599.5854899,2087351496.7085745
2021-04-19,near,5.143065352734103,204024317.3485905,1823898944.6613848
2021-04-20,near,4.751879353623121,90074252.08887902,1679866195.7034876
2021-04-21,near,4.945357819186891,100466878.46449031,1766774890.3997931
2021-04-22,near,4.785113145350691,83734674.47803299,1701251323.3381922
2021-04-23,near,4.8587780127743985,116927230.36364573,1728752475.9470673
2021-04-24,near,4.60561872640261,132101293.32226846,1653517740.5877078
2021-04-25,near,4.236336910457595,61536807.77945177,1534375914.6154609
2021-04-26,near,4.630214856106756,85144611.40390325,1662386624.4581985
2021-04-27,near,5.0433525752990125,88746425.4218202,1811881467.4477754
2021-04-28,near,5.145758337195775,122075480.32369407,1849478703.4798698
2021-04-29,near,4.924754890746632,86194031.55439475,1781503989.344302
2021-04-30,near,5.50290506253708,158931289.15784544,2006015645.975678
2021-05-01,near,5.553206298758107,116384387.3561183,2019089969.339844
2021-05-02,near,5.4609593143236985,93339222.95516916,1990053304.0987313
2021-05-03,near,5.288887215900018,75421271.12683144,1929263439.164693
2021-05-04,near,5.4718724482418395,78072016.85791582,2002545092.8792572
2021-05-05,near,4.799036863880556,93264748.95563246,1787392947.3064213
2021-05-06,near,5.228049730993517,75935054.33945227,1925005139.5791912
2021-05-07,near,5.179263962005012,115696369.533906,1911178081.3734233
2021-05-08,near,5.340136543480252,115776710.89135651,1976857287.7152393
2021-05-09,near,5.236623036657769,84433228.91983618,1935503087.6380777
2021-05-10,near,5.055265996924779,69351203.31828304,1882784145.8312755
2021-05-11,near,4.745644621053528,77815422.13818015,1764446797.7828424
2021-05-12,near,4.945517168419045,64425898.714902416,1846883226.3232162
2021-05-13,near,4.950574458895463,231255159.64244834,1864658818.4048183
2021-05-14,near,5.566802155018664,198969457.8592233,2078443968.743302
2021-05-15,near,5.742656138248411,163177508.88334745,2165924212.7430863
2021-05-16,near,5.9419702597823765,431958809.6660564,2235705354.109574
2021-05-17,near,5.853096756023392,191641620.4922104,2196282185.225529
2021-05-18,near,5.689457161066763,193324828.61314204,2155411730.7207837
2021-05-19,near,5.695863657602177,146296464.9302346,2156036227.0703397
2021-05-20,near,3.6541509071909988,255215452.41192225,1413301646.7403083
2021-05-21,near,4.182523873195288,168873062.3766477,1577821695.3936749
2021-05-22,near,3.4028276010017495,141320741.40531448,1307725646.0370843
2021-05-23,near,3.171282718176313,98421613.60989158,1218492040.4216359
2021-05-24,near,2.6966042296879356,141801915.00599837,1028382602.9536847
2021-05-25,near,3.251753639463259,127624516.2059154,1252456176.9917731
2021-05-26,near,3.317432182068265,104292548.12130715,1283699206.4583561
2021-05-27,near,3.5441846495627445,129490265.80435733,1361060480.3812685
2021-05-28,near,3.276181643234168,95003345.14178382,1254406124.6513138
2021-05-29,near,2.933566924177307,99601595.01023263,1143564986.4363217
2021-05-30,near,2.712249429112463,75150086.97652465,1059584251.4153315
2021-05-31,near,3.10535355026765,103422717.6580445,1206676524.7183702
2021-06-01,near,3.3434351164970013,127025491.02796215,1300572619.9935994
2021-06-02,near,3.2393536236657385,99870023.91015306,1274281420.1054049
2021-06-03,near,3.3230913598610585,82910278.74481969,1303511118.830236
2021-06-04,near,3.624569762938831,87454429.8060108,1424971807.2184527
2021-06-05,near,3.1869799423063356,80406762.76179671,1255519239.0953054
2021-06-06,near,3.2986827077492102,84852776.48082876,1295477304.9679327
2021-06-07,near,3.1970084872693665,46928263.45020364,1265585674.2106268
2021-06-08,near,2.91061059702733,56149756.94909618,1162007631.6288452
2021-06-09,near,2.9138893674548347,57506516.51661196,1164050135.7357738
2021-06-10,near,3.23903009127669,80575360.43067461,1304166963.5534227
2021-06-11,near,2.985069859650757,56011145.51078469,1190995879.2215066
2021-06-12,near,3.021103928342573,56926803.02463258,1211737542.8391888
2021-06-13,near,2.9119890270134734,45670820.7851426,1171799115.4708834
2021-06-14,near,3.145803653551887,37763595.029414415,1261099539.448161
2021-06-15,near,3.227316001645471,68117104.57202907,1299510967.242162
2021-06-16,near,3.234557438023862,51316708.04657166,1305481759.0335305
2021-06-17,near,3.0407519757794166,45353511.32119176,1229408398.2879567
2021-06-18,near,3.088398822120475,40208747.69523757,1243432646.89718
2021-06-19,near,2.916925669771286,81154819.78294253,1186947073.905734
2021-06-20,near,2.871949911611795,35700827.80519235,1168008013.3034186
2021-06-21,near,2.889848545134506,37722150.14008968,1178729236.3534517
2021-06-22,near,2.265390816074593,60433973.083244495,936725881.4024857
2021-06-23,near,2.120783702584154,65523376.438980296,867255340.8096411
2021-06-24,near,2.1520837490160742,60916697.16002941,877872957.2694263
2021-06-25,near,2.1662864272449567,45771852.45759166,891504517.3177998
2021-06-26,near,1.938533322336344,49715611.90487104,799701044.4574375
2021-06-27,near,1.8772091530794737,50615934.21469163,765742124.6287304
2021-06-28,near,1.949216870944841,33404788.357051548,801463449.5988631
2021-06-29,near,1.9685714748935819,36110486.61116499,808674493.8325328
2021-06-30,near,2.08276855662257,49406527.51784621,857859431.643744
2021-07-01,near,2.0897345434997363,40698575.71557791,860090560.3048253
2021-07-02,near,2.0940420861528457,49588200.33626422,860421334.8942238
2021-07-03,near,2.109535428015109,52530946.97537291,869170095.2976214
2021-07-04,near,2.2522547142209737,45881688.2084241,924846857.9030004
2021-07-05,near,2.2963828714874914,34159322.87311805,944784980.2179068
2021-07-06,near,2.1868065320251193,35185350.556986056,900686267.3734068
2021-07-07,near,2.2518517339106827,37385489.205388255,923990580.9555669
2021-07-08,near,2.3057808519034326,39163613.77585046,952057861.8353021
2021-07-09,near,2.1035387924402245,31628471.22264096,866746466.6456338
2021-07-10,near,2.098485533538043,22521144.786352884,863195725.7502705
2021-07-11,near,2.1119895163296185,20380109.719395354,871584685.2660885
2021-07-12,near,2.1696806411807827,30687032.354394622,895059012.9336947
2021-07-13,near,2.102170294655589,19543992.806102943,866265019.4275535
2021-07-14,near,1.9400514326014684,22015095.866567783,801463657.3004727
2021-07-15,near,1.997371539190536,32347302.50070364,823968654.4305102
2021-07-16,near,1.9094857939366443,51714432.51423214,792553180.975556
2021-07-17,near,1.8389823538913994,35793439.326149024,763898421.2431393
2021-07-18,near,1.9408387730446686,52273998.16870792,806482636.0353587
2021-07-19,near,1.9262853126798754,32711193.697724238,801222664.6353087
2021-07-20,near,1.7513131982543324,34015926.481482126,729727795.6202843
2021-07-21,near,1.6921580553193036,35243703.04016976,704578827.1774207
2021-07-22,near,1.8315965135513914,30143381.431328747,758602365.4078921
2021-07-23,near,1.9343157410047231,33547144.93941542,804232839.2487093
2021-07-24,near,1.9322989859929407,30681884.047068413,803052660.2756511
2021-07-25,near,2.1268779837848144,54392876.51453486,885505744.7515631
2021-07-26,near,2.1405245575062297,68977788.86626096,889375757.5306183
2021-07-27,near,2.1288101219005835,86532651.57813722,893828426.3761333
2021-07-28,near,2.240104317294082,59934835.2027531,930390248.0885938
2021-07-29,near,2.226886206287462,47827400.8680385,934589968.2738202
2021-07-30,near,2.250427604634417,40359081.841572516,946849001.1719213
2021-07-31,near,2.326459496047025,49151580.130295515,976445412.9709804
2021-08-01,near,2.407660668807123,56484661.04241958,1014990228.9031107
2021-08-02,near,2.3929403403552043,46446573.84544365,1008500052.5377458
2021-08-03,near,2.3558611019780082,47764504.826023616,996549638.9797132
2021-08-04,near,2.3480413613609388,46502328.16964027,993387676.3405802
2021-08-05,near,2.459396215231932,43269783.3908414,1046938549.1862866
2021-08-06,near,2.5039832401416,53262355.501044974,1060836260.8921863
2021-08-07,near,2.5245349837462556,46799937.997933365,1069496530.4899439
2021-08-08,near,2.738112816692112,83154589.60471408,1158303554.54797
2021-08-09,near,2.5481243418311013,60607682.502304785,1084481297.9265943
2021-08-10,near,2.6847784920597615,50275260.05755185,1139206229.9306498
2021-08-11,near,2.8405730507250326,66621567.04828311,1207958494.1290658
2021-08-12,near,2.996386947433428,64376390.19372323,1275838620.5930414
2021-08-13,near,3.296434712303231,165715796.7757353,1405402651.5598586
2021-08-14,near,3.411146219465805,76768791.68434915,1462906900.9300132
2021-08-15,near,3.2392854403868916,72434305.6344641,1408613404.9314601
2021-08-16,near,3.2267827987867292,63328719.11684364,1400524621.8043823
2021-08-17,near,3.4397264056613728,103911216.38834998,1487559453.13512
2021-08-18,near,3.7135393495643174,230217049.551043,1633878129.69221
2021-08-19,near,4.395249357697003,327567755.9369944,1924543975.991693
2021-08-20,near,4.46708982499922,197489680.96612066,1936423269.5686812
2021-08-21,near,4.412823245602742,114392016.02854356,1922156678.5940232
2021-08-22,near,6.139505713954202,387963849.76945585,2676608136.5186834
2021-08-23,near,5.492712357058148,387528581.96932143,2420253290.823279
2021-08-24,near,5.504823425767366,201507265.14787573,2417642290.0762987
2021-08-25,near,5.167150280776363,194338740.71442547,2280438625.4264703
2021-08-26,near,5.478235066211459,206189005.51978788,2405349706.476688
2021-08-27,near,4.9501519028380265,190064075.43972826,2192485215.8029876
2021-08-28,near,5.314849241398814,163562469.89050716,2347885183.255814
2021-08-29,near,5.707543337345135,184966016.21035331,2535399790.1720166
2021-08-30,near,5.639550405337735,263372282.75540805,2496506975.88318
2021-08-31,near,5.368247101686802,180653482.73948798,2374422823.8175545
2021-09-01,near,5.305027537836623,152895209.58847445,2356222373.204287
2021-09-02,near,5.48953446652111,119051189.32297137,2445865992.311003
2021-09-03,near,5.50168638971479,106465644.30686334,2455044728.1664395
2021-09-04,near,6.179327832042541,413125541.72978675,2754493625.8967476
2021-09-05,near,6.092990896502329,177929524.63152638,2734485034.922619
2021-09-06,near,6.123642352724773,136059505.12224153,2736119755.6989713
2021-09-07,near,6.11412261228396,174487824.51299846,2744365075.5656147
2021-09-08,near,8.646942749327959,1303310091.9585028,3803209503.7997117
2021-09-09,near,10.365184120839684,2135320629.5665576,4654346681.365889
2021-09-10,near,9.777801113658546,1158291722.104499,4422910530.809565
2021-09-11,near,9.9074395179828,714900261.6752168,4478084466.57592
2021-09-12,near,8.9686499059142335,436231539.793008,4051185527.1525197
2021-09-13,near,9.014020740345051,418959940.4849938,4096500208.1151276
2021-09-14,near,8.236702010579675,347565987.6764384,3732114013.232657
2021-09-15,near,8.637406058160568,341354645.6194298,3968883455.870209
2021-09-16,near,9.296780737672002,320616796.4125272,4279909193.4842033
2021-09-17,near,8.767409782434568,236555176.46102002,4022394973.672067
2021-09-18,near,8.330635155773159,189906380.9770454,3858855095.3698063
2021-09-19,near,9.0863969095345265,299003847.5993087,4198036119.3181357
2021-09-20,near,9.94782223803054,476070784.52968264,4540097239.496943
2021-09-21,near,7.691288763147939,684765521.4852293,3548918294.152199
2021-09-22,near,6.60426596589241,397346176.1389718,3064468322.837933
2021-09-23,near,7.645125639465004,302510497.9823864,3551502275.820574
2021-09-24,near,9.29236035907466,472528548.92191076,4327937284.795275
2021-09-25,near,7.943531811854199,489956485.5149691,3697234957.5979333
2021-09-26,near,7.68236523127079,261860347.1005047,3584836813.193487
2021-09-27,near,7.294410596417686,312083516.88253194,3402757963.021612
2021-09-28,near,6.87632056691487,226544350.29807788,3242273576.7319875
2021-09-29,near,6.383703330732744,209029813.6130661,3010152635.768278
2021-09-30,near,6.676914566535775,298795500.49705285,3133526319.3082314
2021-10-01,near,6.925046867353292,257763733.69511738,3258595976.823328
2021-10-02,near,7.809324547064601,314010196.868873,3668765583.8236103
2021-10-03,near,7.863064642109847,213189513.35507295,3709714444.298699
2021-10-04,near,8.04799532954171,243357684.2205271,3811889796.3568945
2021-10-05,near,7.663613232577609,256518053.33447534,3633124788.651326
2021-10-06,near,8.02037349272624,246289017.30863532,3806802980.479666
2021-10-07,near,7.809205994799195,224929179.6414421,3710089448.381303
2021-10-08,near,8.219212001542196,304227709.57525337,3895897486.6780386
2021-10-09,near,8.076423366109918,271578506.1384943,3841491799.260476
2021-10-10,near,8.030802020061742,136471351.24397856,3827578822.254715
2021-10-11,near,7.388854016754511,149535603.34449875,3525184373.7380695
2021-10-12,near,7.432986789270184,136324123.2059251,3511480616.7431045
2021-10-13,near,7.2308989218490245,164860077.20466748,3459941116.7316895
2021-10-14,near,7.268418185677782,144968430.4359105,3478713945.896249
2021-10-15,near,8.072185786294828,216633573.75122473,4201328779.162416
2021-10-16,near,7.899990112146322,217200720.32224476,4104943976.7602687
2021-10-17,near,7.894860900023152,138403278.55181846,4125164140.953084
2021-10-18,near,7.787778065472014,97848461.95507964,4063492796.7004814
2021-10-19,near,7.818739327308521,107156550.35262671,4085119470.8408213
2021-10-20,near,8.190924296279055,157548953.78615165,4258975069.622421
2021-10-21,near,8.73252908234006,226275267.69117522,4585067815.116113
2021-10-22,near,9.441376405210603,384805847.04059684,4948483706.113892
2021-10-23,near,9.137052982191609,263338260.33435005,4790411492.974991
2021-10-24,near,9.308636751354372,146850112.93456656,4888361567.809482
2021-10-25,near,9.669305173165581,269908811.6813838,5064477139.684425
2021-10-26,near,12.419023944498168,827916880.2446657,6529782450.325326
2021-10-27,near,12.34294859339568,644555915.333501,6532003975.710111
2021-10-28,near,10.897722235486224,555803441.4041668,5754623879.37263
2021-10-29,near,11.37430429649067,478108448.3988549,6005930735.590072
2021-10-30,near,11.553082716820937,232946787.0673762,6012862998.189456
2021-10-31,near,10.472299596763536,239107097.0754206,5546579605.666975
2021-11-01,near,10.18160604809049,238339256.37640795,5383868990.262999
2021-11-02,near,10.156896824476354,258530419.65346357,5351857915.379154
2021-11-03,near,10.476172018091766,239905160.6010114,5542978595.986261
2021-11-04,near,10.993650112660688,313227548.4823479,5866931500.046698
2021-11-05,near,10.656640636324704,244924500.81579375,5605700127.098233
2021-11-06,near,10.401289700129553,176761789.41365147,5535370119.823938
2021-11-07,near,10.213784106825779,203164691.08619034,5426450044.4888525
2021-11-08,near,10.358602290491694,153803740.09235543,5519268790.01444
2021-11-09,near,10.731098705154377,224217796.4185458,5752807080.595666
2021-11-10,near,11.407872079400791,349693350.4311992,6101921710.151522
2021-11-11,near,10.80039545516588,404657653.69056576,5809736202.852393
2021-11-12,near,12.282967289333309,495305391.4273601,6632460997.116532
2021-11-13,near,11.28376446750906,353297577.79519916,6094079284.221825
2021-11-14,near,11.200010118452793,192232290.27938542,6078905339.40525
2021-11-15,near,11.912817217769383,256930499.7037854,6488160591.259671
2021-11-16,near,11.114207561273624,188770367.35120448,6077651683.476823
2021-11-17,near,9.754086635239206,378810238.95674616,5341906015.491147
2021-11-18,near,9.431602877924265,239942785.2612301,5143381526.248416
2021-11-19,near,8.77754232358639,266817199.1792764,4804143965.018383
2021-11-20,near,9.478081594689192,180607568.04305318,5286723363.740293
2021-11-21,near,9.842303773248172,177985894.62981585,5509541650.740074
2021-11-22,near,9.756552951930006,144798696.99548304,5516903361.620821
2021-11-23,near,9.286434597234978,154492397.654698,5222674423.413706
2021-11-24,near,9.956094409782624,180865032.89207485,5590055187.258083
2021-11-25,near,9.239854354903903,204622736.27775726,5191927709.934726
2021-11-26,near,9.26715937373833,143919340.559521,5222440064.883597
2021-11-27,near,8.220876097549253,239407387.43254444,4644882804.964103
2021-11-28,near,8.247549884666583,88468509.53846915,4652451950.418261
2021-11-29,near,8.36671384715985,169862804.65535513,4736049324.459996
2021-11-30,near,8.428663773720778,94652861.11403686,4779774941.253657
2021-12-01,near,8.717096449890493,187064770.93219408,4971035959.31671
2021-12-02,near,8.49242160159856,113782472.48767458,4802464904.4669285
2021-12-03,near,8.2359218335556,107812193.14056526,4684179476.947234
2021-12-04,near,9.148647987764065,376335620.65148413,5229979418.935005
2021-12-05,near,7.9644307798438545,451563638.65546757,4523131651.128932
2021-12-06,near,7.313289091173842,153398803.90119883,4166793551.7147384
2021-12-07,near,7.300216070143302,205342634.0814505,4155156380.3113217
2021-12-08,near,7.609277204171576,173929798.94898286,4336095033.249394
2021-12-09,near,9.38491636103346,515307473.6373312,5364165532.579859
2021-12-10,near,9.873805042249765,577772564.3474201,5562158393.969573
2021-12-11,near,10.070459940198926,536897125.0138434,5797549414.016111
2021-12-12,near,11.499703698770823,613924714.7462708,6507977049.82462
2021-12-13,near,10.581562496124667,337855124.7544895,6056925719.731372
2021-12-14,near,9.110274386466866,320128780.95470756,5238217100.6513605
2021-12-15,near,9.294415908948812,263389808.06068775,5379379970.694676
2021-12-16,near,9.837962256200287,1054072336.4452085,5753707034.319251
2021-12-17,near,9.244821840616039,297824709.67972666,5348523280.152644
2021-12-18,near,8.415058803510613,249096660.73078474,4907343486.566587
2021-12-19,near,8.420322772719645,159351764.3282615,4898381898.550999
2021-12-20,near,8.985282932707547,358472897.1867253,5276419989.150698
2021-12-21,near,8.553332625965279,280929684.2262619,5115427929.676059
2021-12-22,near,9.267656954217346,239810512.4182923,5521184852.523897
2021-12-23,near,10.833611093847436,784459037.9381849,6450716901.717287
2021-12-24,near,13.750746537177793,1384885942.999447,8213930071.402992
2021-12-25,near,14.843810965722534,1115877096.8900454,8852401191.409712
2021-12-26,near,15.226116314143118,668429359.0513214,9085418392.964441
2021-12-27,near,16.15134219919088,512933832.8601045,9564238709.0674
2021-12-28,near,14.699180397865701,497716288.8074006,8794721968.634892
2021-12-29,near,13.361156331319087,595724998.7898902,8042009803.418517
2021-12-30,near,14.998093677675588,713971079.6384367,8883767194.882166
2021-12-31,near,15.41589334159289,707445661.116507,9282255311.827204
2022-01-01,near,14.609275429299062,382535726.4677488,8854169171.25533
2022-01-02,near,15.231516581396988,232065534.97527972,9144393083.312815
2022-01-03,near,14.435640136719696,243603573.45548984,8688224509.254932
2022-01-04,near,16.426755145250493,661007281.8001777,9754615200.934122
2022-01-05,near,16.032932962996124,1033777436.19828,9910727526.736305
2022-01-06,near,15.439848919887641,891244615.1178298,9357510065.414396
2022-01-07,near,15.966921041047947,885598425.226342,9663344935.809565
2022-01-08,near,15.036343129406083,778656868.8238645,9130670575.866972
2022-01-09,near,13.853209466601687,543381518.9277765,8434858380.977887
2022-01-10,near,13.53395156486414,367141983.9011937,8192312009.272713
2022-01-11,near,15.479842285048102,952896785.0150987,9303025590.731335
2022-01-12,near,18.096208842649432,1163236650.6173604,11030496530.274855
2022-01-13,near,17.549370261741764,900811298.6661428,10679449765.443827
2022-01-14,near,19.585521877456895,1190033346.592676,11886135050.94963
2022-01-15,near,20.23676126297608,1198948397.2438927,12462550402.221441
2022-01-16,near,19.38738359917695,500463994.0245636,11903527528.834972
2022-01-17,near,20.055964230601138,624831591.8447922,12300351668.008766
2022-01-18,near,17.772791509920026,690761074.2277107,10916195162.333862
2022-01-19,near,17.721685989580788,728419199.5369649,10933395115.336452
2022-01-20,near,16.205634838450408,673157114.9142029,10024057537.191286
2022-01-21,near,15.252582599936938,649384934.8233564,9534491285.558321
2022-01-22,near,13.136859138433653,1068172152.6927488,8145637836.515916
2022-01-23,near,11.359403799182694,1043217375.9176813,7020154716.501201
2022-01-24,near,11.728028445395676,849454576.4123617,7214153436.823307
2022-01-25,near,10.720688290968189,866630385.0048106,6677226630.36266
2022-01-26,near,12.15778669414525,782090462.5409739,7565927032.829286
2022-01-27,near,11.308088683745774,921512101.1197827,7046196554.7423315
2022-01-28,near,10.56164578989188,710762454.575258,6449523453.327385
2022-01-29,near,10.785350150180475,468649827.88094944,6707495363.024512
2022-01-30,near,11.064755657202362,330880540.84049296,6889974467.356276
2022-01-31,near,10.350207321456296,281617694.49591726,6497158103.289896
2022-02-01,near,11.129860000544564,350967231.8544606,6963599919.23543
2022-02-02,near,11.234625880279326,331714837.11156714,7087406300.382022
2022-02-03,near,11.072260640266599,451242200.52409,6975925339.28438
2022-02-04,near,10.91625281989249,371390459.4703699,6850145750.057508
2022-02-05,near,13.03985643249612,685473843.623125,8170418358.114732
2022-02-06,near,12.873704789426165,734057491.0253382,8169132750.291066
2022-02-07,near,13.523972100805661,639776842.8503823,8537202677.362828
2022-02-08,near,13.510720034480032,674865587.9569288,8560928343.411642
2022-02-09,near,12.813516834433372,669838601.8775202,8105084182.654686
2022-02-10,near,12.991470340438811,377322564.69124657,8236046606.064094
2022-02-11,near,11.82346614520172,392798253.99112684,7499227285.610166
2022-02-12,near,10.87328032382129,446321828.8871353,6864451324.200302
2022-02-13,near,10.776792353727158,288115099.06660795,6770713577.25612
2022-02-14,near,10.424773618235305,251733938.74674365,6631334339.906002
2022-02-15,near,10.533930223916874,286497098.9247348,6689754498.849147
2022-02-16,near,11.509137235332924,346831104.7575381,7334705802.835162
2022-02-17,near,11.210169046509352,225156493.83000925,7169657109.95303
2022-02-18,near,10.447065371420585,462662810.6837428,6683994619.419835
2022-02-19,near,10.294061685870307,255347443.6873832,6559352395.692024
2022-02-20,near,10.061785602688678,162171689.0448402,6397236131.007887
2022-02-21,near,9.311180404840453,267159045.11111233,5988497182.171686
2022-02-22,near,8.561711643100352,343325221.07023793,5466840501.710135
2022-02-23,near,8.966106719447811,299101130.1430738,5723257894.175579
2022-02-24,near,8.586661017381655,240797637.04385912,5484990558.926568
2022-02-25,near,8.486606252958834,520367212.9301822,5423685540.982271
2022-02-26,near,8.951658078619278,282188778.87579834,5741413544.43512
2022-02-27,near,9.109323389570482,249652366.11695895,5818021386.731069
2022-02-28,near,8.504452666488886,227266550.53336975,5448297776.148647
2022-03-01,near,9.729168163789915,312135098.94181347,6156851752.719787
2022-03-02,near,11.851831866509027,995945527.9968284,7552845824.180435
2022-03-03,near,11.068750298101703,653441720.5116861,7116053086.473389
2022-03-04,near,11.045285845855165,519631431.93570447,7108772640.7776165
2022-03-05,near,10.42409985098748,650418470.642717,6711990142.998672
2022-03-06,near,10.512440586732406,363793346.8640626,6767882325.597689
2022-03-07,near,10.203821592291987,405319264.02252716,6600947332.217216
2022-03-08,near,9.711210147664456,436244343.7779113,6267361243.456437
2022-03-09,near,9.72435499785672,286181811.6678925,6275978388.971065
2022-03-10,near,11.636044948854053,727831418.951101,7443529402.6363535
2022-03-11,near,11.064688751861157,809518424.5151083,7135364161.840055
2022-03-12,near,10.256943696375764,501458082.0187846,6675178654.30042
2022-03-13,near,10.357353783064251,246096176.45711172,6682845031.439161
2022-03-14,near,9.888314368183025,244831647.49992484,6377956647.22614
2022-03-15,near,10.14439974738955,319785681.73351115,6553165273.588026
2022-03-16,near,10.123621113049511,337533278.7867829,6636021264.760873
2022-03-17,near,10.8179583498171,432467677.22426933,7010504942.965055
2022-03-18,near,10.735602537518206,351440088.7877611,7050383078.4058275
2022-03-19,near,11.41321950039263,302385536.1131358,7508164098.093035
2022-03-20,near,11.291208679091406,301678083.17984253,7410139638.158831
2022-03-21,near,10.637902221982293,203343746.9788053,6977656353.1477995
2022-03-22,near,10.871447817614516,278647121.8695727,7140901856.842667
2022-03-23,near,11.04824923586259,310081158.9797639,7268547869.291927
2022-03-24,near,12.483549172345427,624664174.1136156,8202288072.934086
2022-03-25,near,12.886628909673455,585282220.4559618,8526990246.170154
2022-03-26,near,12.227664580216024,451681418.09618306,8050240680.907331
2022-03-27,near,12.71428187572629,536624661.7638341,8409111347.176781
2022-03-28,near,13.164775831537924,368454140.5257255,8693550921.191414
2022-03-29,near,12.586249020172437,468816753.7413138,8429831182.026743
2022-03-30,near,14.115259077418607,842976043.8886417,9342328559.214079
2022-03-31,near,14.027535264815995,634768626.3283957,9329609387.70216
2022-04-01,near,13.197747367728937,534489145.1446581,8734530051.207306
2022-04-02,near,14.63086155631096,628441386.3020549,9510616460.284176
2022-04-03,near,14.799834432644872,897827426.6665684,9819412198.864822
2022-04-04,near,16.77115270514287,1231230359.5932016,11034753272.52669
2022-04-05,near,17.164398268112954,1642724709.4095278,11376411364.392546
2022-04-06,near,16.10181197824343,1026235575.0436348,10746446465.260483
2022-04-07,near,15.242622975128578,1805663044.960421,10192287377.975508
2022-04-08,near,17.429073637892902,1352523317.861793,11434385816.177288
2022-04-09,near,17.558975895490303,3003175057.73243,11597979758.618433
2022-04-10,near,17.438564138566225,1405979380.4293783,11539804611.822334
2022-04-11,near,15.813595560198275,904558534.1035472,10632195697.223019
2022-04-12,near,15.961519574612382,1492358881.2447875,10566976945.911125
2022-04-13,near,16.572485532119185,1826417065.5791733,10970018221.213459
2022-04-14,near,16.85709280401614,1063789622.6666081,11253769411.42017
2022-04-15,near,16.386823194555735,1063068669.3178227,10969328834.232792
2022-04-16,near,16.001361845271102,757933438.1198723,10753346520.132427
2022-04-17,near,15.970330496432593,442590139.6652328,10793054092.531586
2022-04-18,near,15.721403389309554,621764547.1705589,10559128908.349842
2022-04-19,near,16.236580042171422,1056067709.0567702,10947387197.147366
2022-04-20,near,17.405309699866812,1420952205.6391544,11793171655.29948
2022-04-21,near,16.64082252333891,1179255525.697452,11245357327.878572
2022-04-22,near,15.576071895066718,1221692223.5425646,10512029381.122211
2022-04-23,near,15.60127378975467,797569499.9206651,10572754421.799356
2022-04-24,near,15.338360765662731,576923355.7569053,10417218911.481737
2022-04-25,near,15.036085225794439,570570610.8674546,10273664976.570763
2022-04-26,near,14.294157666688191,1093718562.7601187,9685490385.311457
2022-04-27,near,12.62280764505232,1012472249.6041875,8573657705.248488
2022-04-28,near,12.837149933349806,930737469.2362396,8751736858.46753
2022-04-29,near,12.390727566170128,658030239.286431,8429494596.482152
2022-04-30,near,11.280450017516701,655687339.4694302,7584824076.266893
2022-05-01,near,10.374447420447853,570683206.499154,6968254425.992324
2022-05-02,near,11.85373755371901,1000352828.4519849,7996030715.487254
2022-05-03,near,11.762901398424788,827318127.2054483,7938111029.291491
2022-05-04,near,11.933328957674384,577899693.5687741,7996473438.071884
2022-05-05,near,12.997136051920656,927687089.2138855,8787169437.346292
2022-05-06,near,11.239525021832147,837953770.6942651,7591129560.349707
2022-05-07,near,10.825235823535444,697802917.5278381,7338512049.954461
2022-05-08,near,10.466018334735939,434491342.5196384,7121797600.827835
2022-05-09,near,11.16951897711987,785210252.452906,7552800894.028467
2022-05-10,near,9.533678525626588,1341543412.3196547,6575589880.099905
2022-05-11,near,9.613475960219724,1476072863.245342,6514420556.413131
2022-05-12,near,6.357385489676193,2115556874.8086128,4287760894.2210016
2022-05-13,near,6.429199500432946,1315174728.7182944,4444162851.931283
2022-05-14,near,6.5220295699852695,1070843011.5097036,4455078461.627663
2022-05-15,near,6.718515352486529,463589544.8488359,4613868623.412225
2022-05-16,near,7.35998031562979,472395515.81289303,5052302442.083961
2022-05-17,near,6.525626161529556,415279802.6183384,4502898376.714782
2022-05-18,near,6.6787399125798395,376950129.4878139,4618852888.326078
2022-05-19,near,5.895338823028539,369015323.4061225,4109608622.797561
2022-05-20,near,6.129593688466199,399228751.0885434,4242415104.577899
2022-05-21,near,5.773849053792074,298096397.9509032,3980336386.5732527
2022-05-22,near,6.141918140114648,215718660.82105684,4241678560.661022
2022-05-23,near,6.260142664051536,290398020.1836845,4349336819.895934
2022-05-24,near,5.824683296309321,330765212.23355794,4059811945.791891
2022-05-25,near,5.9741069521287375,359120069.02234834,4157178653.012365
2022-05-26,near,5.742703861917344,324400334.3374337,4000186564.6717224
2022-05-27,near,5.2541393087261765,490614432.1607461,3658472000.187879
2022-05-28,near,4.7903827529976315,474169989.8388022,3346533530.4643764
2022-05-29,near,5.0148053257763765,233853246.42352432,3520474460.221312
2022-05-30,near,5.178481988460084,251423206.79133427,3632708372.2030964
2022-05-31,near,5.759712215557725,399056176.76906484,4039968375.8490963
2022-06-01,near,5.947665144874647,663851277.465045,4203911234.647025
2022-06-02,near,5.352912092815359,442518347.2163921,3769221925.8228183
2022-06-03,near,5.609055112242151,330350050.9020297,3953608116.133824
2022-06-04,near,5.249960210462132,211838299.59927693,3672678187.5029364
2022-06-05,near,5.333133751210084,174469728.9716989,3731079630.2061386
2022-06-06,near,5.328493224232071,141470219.78337082,3762954340.9331164
2022-06-07,near,5.492538358501246,282955011.31529224,3886205125.7876573
2022-06-08,near,5.21354768302369,228032655.46822822,3703291245.6428027
2022-06-09,near,5.0750497590982215,185620424.45342672,3599108827.4834623
2022-06-10,near,5.077097703978498,142625060.39103642,3593035201.8113565
2022-06-11,near,4.499541842913264,271717561.5629741,3190886205.6383224
2022-06-12,near,4.084401962020471,244914310.44450113,2897239452.3697395
2022-06-13,near,3.7334397710197527,357287500.1361197,2670820996.3032637
2022-06-14,near,3.501180931845809,530155270.1421365,2449305492.4486365
2022-06-15,near,3.3950796681248163,389746919.2670508,2404521293.594658
2022-06-16,near,3.8299890525081146,508877005.87929946,2681471732.7541432
2022-06-17,near,3.1948024320789368,298620606.745448,2338567394.534761
2022-06-18,near,3.382533133943493,242236907.00133595,2418299114.720165
2022-06-19,near,3.1002862517237144,266145684.34260604,2229584103.988986
2022-06-20,near,3.2830743434882796,266195359.5383121,2356507717.574608
2022-06-21,near,3.4265487500013343,257309452.4492798,2460270251.581669
2022-06-22,near,3.5090121737592224,298172668.8004308,2529889648.0408235
2022-06-23,near,3.275853702154242,223186888.11296058,2371114381.571694
2022-06-24,near,3.5611301551475583,199833059.53757292,2573857211.815304
2022-06-25,near,4.008833380958044,378149950.23357826,2922971549.5987453
2022-06-26,near,4.168509626277172,380625105.497934,3007474833.9747043
2022-06-27,near,3.795857604989557,249168641.55016208,2736397339.187557
2022-06-28,near,3.7370992956462916,207803600.57320637,2698556389.0487294
2022-06-29,near,3.410190013166057,252917216.98617598,2467861633.380079
2022-06-30,near,3.409568726915156,227529726.56944197,2474605033.371218
2022-07-01,near,3.3069462681191584,197337026.059034,2386905128.7378354
2022-07-02,near,3.3762498194580077,217781518.97172815,2461534564.1659675
2022-07-03,near,3.3160615755087233,127815563.38163948,2404034033.876062
2022-07-04,near,3.3285441743483575,124228015.2979664,2410913735.775218
2022-07-05,near,3.5163312191885856,167546331.65794232,2555589221.8857927
2022-07-06,near,3.3941771158605225,217218456.00070745,2467987979.5280867
2022-07-07,near,3.5029587572311227,218160859.55254516,2554744431.914205
2022-07-08,near,3.7227233954547927,188071513.82693487,2718440117.835395
2022-07-09,near,3.6390807283122606,244656157.73374695,2653541208.8653345
2022-07-10,near,3.808548536078227,198895279.42988178,2782085323.0358458
2022-07-11,near,3.5288952679183363,177444715.8251603,2578715537.925913
2022-07-12,near,3.2322722504623704,154457362.07723373,2366421426.231824
2022-07-13,near,3.2024095056701847,148602676.99652728,2369123454.341307
2022-07-14,near,3.331667632326715,226456401.41028446,2437010105.21555
2022-07-15,near,3.490455137725876,195566738.43267718,2568600752.6152697
2022-07-16,near,3.5017840405872667,193381034.19071546,2583025463.94698
2022-07-17,near,3.646460246365339,169228110.4188667,2702964677.967812
2022-07-18,near,3.5421784449830938,214718021.28249508,2626011748.094273
2022-07-19,near,4.07293211449496,346744514.7146855,2989606032.197333
2022-07-20,near,4.550110819993814,704585503.0924424,3387509702.928185
2022-07-21,near,4.196656324052397,393726789.6331623,3125384299.354817
2022-07-22,near,4.376082860442939,274113037.40629786,3253438971.6987424
2022-07-23,near,4.331625147317917,292869994.1191785,3212902153.219981
2022-07-24,near,4.320356882651207,209912489.2388111,3205086493.0256824
2022-07-25,near,4.358971766755267,196058866.85422826,3247094372.8575277
2022-07-26,near,3.7936705548508844,240286032.31760883,2852345170.378424
2022-07-27,near,3.7480986724381724,194430639.25447485,2794273895.155907
2022-07-28,near,4.143939422999899,238227944.8683768,3093789053.767878
2022-07-29,near,4.358341389583463,341615555.06994987,3259635981.052977
2022-07-30,near,4.400853391760224,301464349.4288246,3323641632.796438
2022-07-31,near,4.353006434103154,337417359.93578017,3250061688.8694553
2022-08-01,near,4.252031368707312,254320535.4368097,3190816616.823693
2022-08-02,near,4.288708551352912,226195235.47093177,3198419496.7006574
2022-08-03,near,4.321301490365369,292316496.3229498,3276366732.3972974
2022-08-04,near,4.531819650956049,343788616.0355808,3395227475.355414
2022-08-05,near,4.434237761021997,355152621.3634504,3327982584.49659
2022-08-06,near,5.200514488101295,660562370.9375397,3894290484.0923233
2022-08-07,near,4.917394861051609,314678417.98736376,3701789294.189585
2022-08-08,near,4.990456329146826,300761711.5980435,3759013982.219137
2022-08-09,near,5.502632834379643,571144649.6893387,4158732549.489062
2022-08-10,near,5.377573073683021,419926067.24923307,4058365757.5058327
2022-08-11,near,5.884396263381035,793605445.385141,4435609307.569851
2022-08-12,near,5.756363647970473,375922668.1847054,4348156081.514242
2022-08-13,near,5.995365786435725,423106632.4776013,4534912508.836802
2022-08-14,near,5.871363468806036,264994084.1818242,4447395158.0343
2022-08-15,near,5.611833082722159,232155496.56814468,4279529656.989796
2022-08-16,near,5.416201961852327,311446883.94673955,4129457710.2668486
2022-08-17,near,5.285612852092044,292112466.18033755,4033271939.239816
2022-08-18,near,4.972543208602537,369885634.528618,3802015833.8858733
2022-08-19,near,4.859485885700755,252011441.91509226,3722774274.8318605
2022-08-20,near,4.26622505269303,472921034.6626388,3266556544.0606422
2022-08-21,near,4.158308707383934,386141547.3077321,3178420191.901677
2022-08-22,near,4.240985754496719,228356995.27895117,3257502323.3449354
2022-08-23,near,4.123748997337112,280732399.84069735,3149183555.4502273
2022-08-24,near,4.30501769847433,380570024.6533269,3305289277.4576974
2022-08-25,near,4.274494088793188,269301006.6277693,3284302542.9092145
2022-08-26,near,4.326270087355328,233375857.22619736,3335569453.3742175
2022-08-27,near,3.9370757464333277,372422059.08113694,3016409961.080455
2022-08-28,near,3.926940214562612,207104047.63333035,3027243199.80525
2022-08-29,near,3.775012098922947,165497055.48025262,2914743480.5943675
2022-08-30,near,4.039244835560819,206959337.4793172,3123452318.8147264
2022-08-31,near,4.208563484287933,277926197.24966383,3257583346.938833
2022-09-01,near,4.364541049809285,339536876.25321424,3372250381.7076874
2022-09-02,near,4.346046441991848,259997191.0384226,3356018499.9944086
2022-09-03,near,4.178111922394495,227011683.88805038,3230639843.5272093
2022-09-04,near,4.161298367512221,97547603.62520902,3229101945.4334226
2022-09-05,near,4.235733496918636,115413919.2746028,3285574293.1544833
2022-09-06,near,4.2325237938394435,140815425.05596992,3282671283.1747913
2022-09-07,near,4.080188083966172,408295880.76011896,3175253340.054656
2022-09-08,near,4.377479860275096,290283026.62901855,3412373118.701121
2022-09-09,near,4.679093970215893,372495612.5273941,3640723774.461526
2022-09-10,near,4.821451994279202,303245355.6323635,3767309798.7168307
2022-09-11,near,4.814890007466078,283880313.5602575,3758054740.731781
2022-09-12,near,4.88240200562032,280637989.3119833,3819959987.2636957
2022-09-13,near,5.057086752562667,552913938.257354,3940035204.497974
2022-09-14,near,4.427542874635345,496238222.3965845,3465576460.5953016
2022-09-15,near,4.514321908494593,300303996.85234725,3545020146.1822634
2022-09-16,near,4.177721955361411,266333178.3961291,3287272993.2061553
2022-09-17,near,4.194881955782533,186391586.72411448,3296136844.162955
2022-09-18,near,4.381466441994484,173240378.72780755,3450780229.860036
2022-09-19,near,3.907766944479011,222486848.30493927,3073820060.191829
2022-09-20,near,4.0617250534917,288735711.39173084,3199823486.157643
2022-09-21,near,3.812383980919811,257747259.55289558,3011449315.4783707
2022-09-22,near,3.6634361645264306,349953515.1344878,2871973695.9040365
2022-09-23,near,3.873769691719061,204556738.07049733,3048776406.7884135
2022-09-24,near,3.7935819999524187,249067665.82928848,2985733728.7874017
2022-09-25,near,3.7047615057497096,154865560.16393718,2917312591.67143
2022-09-26,near,3.646861690659514,120459612.37532933,2867784415.1220627
2022-09-27,near,3.6691843653189515,174488003.67023078,2884234093.107387
2022-09-28,near,3.6244663323894803,206196952.9054961,2859356881.260452
2022-09-29,near,3.580762850034462,169721850.44555676,2817814801.2883563
2022-09-30,near,3.5812868309523704,141544082.40253884,2819346181.5235953
2022-10-01,near,3.5616287027082825,142251389.04863098,2846890030.6467695
2022-10-02,near,3.5538505471602035,74764891.54308245,2836960921.84455
2022-10-03,near,3.484350068101212,94222666.38029797,2796344138.7777805
2022-10-04,near,3.5470905112141256,119220000.76982993,2840992444.169078
2022-10-05,near,3.625718974051777,115837944.94638552,2907438317.7659183
2022-10-06,near,3.693456652269709,183530225.21873003,2953397549.905623
2022-10-07,near,3.61873421589395,138247643.01195207,2896036935.665888
2022-10-08,near,3.544858758076816,110826792.47817537,2841274135.175883
2022-10-09,near,3.49567783115409,73117255.37951595,2807064159.410567
2022-10-10,near,3.5167214065057504,61347256.61053576,2821168732.7024994
2022-10-11,near,3.236911439110776,126959734.66394237,2619351559.5344353
2022-10-12,near,3.1731455104214015,227254096.3758105,2549531964.8373322
2022-10-13,near,3.1544145402564054,118562726.63274412,2541698381.317971
2022-10-14,near,3.0451573222311885,341362630.4338261,2457709030.4376087
2022-10-15,near,3.0103555387402587,163811700.50091344,2434890201.3553934
2022-10-16,near,2.925459376977728,92755228.69940628,2379583372.8905797
2022-10-17,near,3.0011283889099336,87732335.59014414,2436665850.7528133
2022-10-18,near,3.0649671126550198,95060673.33844931,2488612871.2497425
2022-10-19,near,2.9715448043410984,133935650.23245999,2413677114.5669937
2022-10-20,near,2.8224084965896283,136237809.7582077,2297082622.700422
2022-10-21,near,2.86634799425883,134447978.199934,2331005217.3952236
2022-10-22,near,2.888163458576726,156718357.31332177,2352136814.6823125
2022-10-23,near,2.9186422150276354,117943984.8170562,2376865210.009911
2022-10-24,near,2.9797925811942085,143374815.25879773,2424434369.9545956
2022-10-25,near,2.9152322177220356,158288613.78463417,2372616194.829046
2022-10-26,near,3.0095591687421055,212663084.76333377,2450907395.946258
2022-10-27,near,3.0616509017930973,214920827.937176,2496351095.6289983
2022-10-28,near,2.9689157781638023,221856251.73628542,2429340498.9997544
2022-10-29,near,3.025001061723921,174064366.4340336,2471667000.891703
2022-10-30,near,3.0762737042915376,215199504.77037582,2508090662.4682336
2022-10-31,near,3.1035200935654177,189361264.7543642,2530223580.898881
2022-11-01,near,3.106999163339525,171845837.7045495,2541971965.174572
2022-11-02,near,3.0232818497895253,305017993.25155467,2472429866.4278026
2022-11-03,near,2.89937936203041,214217227.0163614,2372305189.7171
2022-11-04,near,3.0275166998959295,218128413.88940302,2471947399.4849253
2022-11-05,near,3.300972351283923,235318279.20498958,2690201603.2195625
2022-11-06,near,3.323454525070304,271219161.9587915,2729804643.556795
2022-11-07,near,3.1019717697832982,175228664.1506449,2544543180.017402
2022-11-08,near,3.045992477946622,179770129.04793814,2495028179.8601527
2022-11-09,near,2.626630059698901,371263283.6474521,2165391533.3774934
2022-11-10,near,2.0143560809998755,401788892.027364,1657437866.3902118
2022-11-11,near,2.3228279573386676,322836974.3556485,1900236550.801444
2022-11-12,near,2.1353890954307095,207615311.36147484,1743262800.7311046
2022-11-13,near,1.9975293591501515,211485369.3583643,1635924985.6814463
2022-11-14,near,1.9562683125955675,149445203.1930684,1598966956.2380178
2022-11-15,near,1.9632407759469421,168137839.67581305,1628695312.2871728
2022-11-16,near,1.9804006490197978,105382595.79518813,1638396873.2215183
2022-11-17,near,1.925438519902035,82113495.83822551,1591075160.6242397
2022-11-18,near,1.8301160866616628,101875596.59303275,1514766077.7437415
2022-11-19,near,1.7864233984998281,112292179.87459551,1480201039.0624158
2022-11-20,near,1.749913810627821,108749742.33425994,1447209618.381949
2022-11-21,near,1.5712695030324373,136415755.53046784,1296366033.2741015
2022-11-22,near,1.5664053384037628,213659103.9891587,1299118415.7903693
2021-09-10,ref-finance,5.555582979936128,8044195.191851471,0
2021-09-11,ref-finance,5.555582979936128,8044195.191851471,0
2021-09-12,ref-finance,5.478178775815487,7879190.909720924,0
2021-09-13,ref-finance,5.555140672361299,8145850.155311841,0
2021-09-14,ref-finance,4.8261556635061025,7832657.809804779,0
2021-09-15,ref-finance,5.085896831904764,8567957.295549225,0
2021-09-16,ref-finance,5.579250385677801,9610374.579340355,0
2021-09-17,ref-finance,4.752306389410226,9249388.22797332,0
2021-09-18,ref-finance,5.592466393949283,10397632.933219707,0
2021-09-19,ref-finance,6.769562505340435,12692828.715964125,0
2021-09-20,ref-finance,7.437373880062673,14490080.265839739,0
2021-09-21,ref-finance,5.848109269463537,11735391.140419928,0
2021-09-22,ref-finance,5.316966848238533,10622561.365843982,0
2021-09-23,ref-finance,6.1926881363364465,12813790.271775922,0
2021-09-24,ref-finance,7.462966982399108,15894577.161857523,0
2021-09-25,ref-finance,6.301512246167915,13791027.699033476,0
2021-09-26,ref-finance,5.996234008068439,13574939.937018482,0
2021-09-27,ref-finance,5.442929853203371,13004460.453494092,0
2021-09-28,ref-finance,5.295647467182921,12606703.304920692,0
2021-09-29,ref-finance,4.985890833544319,11923281.540475475,0
2021-09-30,ref-finance,5.057426334304813,12169558.69493134,0
2021-10-01,ref-finance,5.261047948096797,12807614.75195735,0
2021-10-02,ref-finance,5.824951583297584,14492079.794195905,0
2021-10-03,ref-finance,5.892884496202539,14695071.553483795,0
2021-10-04,ref-finance,5.593598621933275,15123870.084222926,0
2021-10-05,ref-finance,5.176745172173101,14422194.348367855,0
2021-10-06,ref-finance,5.23048429672402,15292178.42837334,0
2021-10-07,ref-finance,4.937002814388256,15027505.663489034,0
2021-10-08,ref-finance,5.14026414092677,15793146.916881898,0
2021-10-09,ref-finance,5.056599342227535,15633170.455342127,0
2021-10-10,ref-finance,5.05654479323597,15662378.217491532,0
2021-10-11,ref-finance,4.683624527260421,14526834.193879422,0
2021-10-12,ref-finance,4.540899956352154,14680798.503313104,0
2021-10-13,ref-finance,4.401782466390616,14369189.731331013,0
2021-10-14,ref-finance,4.3455587029673,14405851.0801235,0
2021-10-15,ref-finance,4.783741442362693,16283481.307830736,0
2021-10-16,ref-finance,4.655618796525423,15940633.340001797,0
2021-10-17,ref-finance,4.645417142523332,15996302.837562455,0
2021-10-18,ref-finance,4.52941363425703,15767599.302608058,0
2021-10-19,ref-finance,4.523194160430753,15864604.881154377,0
2021-10-20,ref-finance,4.684965433977421,16682071.763747731,0
2021-10-21,ref-finance,5.185819264902282,18074029.26705018,0
2021-10-22,ref-finance,6.2442007342246155,21269560.6303467,0
2021-10-23,ref-finance,5.956850666198287,20405299.19043201,0
2021-10-24,ref-finance,5.9400729177315155,20861887.49936766,0
2021-10-25,ref-finance,6.126329507693219,21679886.324614584,0
2021-10-26,ref-finance,9.960863156331266,32824120.561375808,0
2021-10-27,ref-finance,9.890240260085974,33439824.166636348,0
2021-10-28,ref-finance,8.727365625620878,29715519.625229184,0
2021-10-29,ref-finance,8.870691136260229,31951268.11949344,0
2021-10-30,ref-finance,8.565343996306344,31642653.449439157,0
2021-10-31,ref-finance,7.53594284542829,29319857.78275277,0
2021-11-01,ref-finance,6.943257706927727,28624933.639901735,0
2021-11-02,ref-finance,6.771366638139975,28657414.84253477,0
2021-11-03,ref-finance,6.946068655213182,29800136.63364961,0
2021-11-04,ref-finance,7.628756118344366,31742019.745377384,0
2021-11-05,ref-finance,7.431033184033215,31181003.59747929,0
2021-11-06,ref-finance,7.166581686705938,30649035.961083546,0
2021-11-07,ref-finance,6.716638746374723,30532468.94119415,0
2021-11-08,ref-finance,6.7091119463986795,30970513.243746396,0
2021-11-09,ref-finance,6.887773280179268,32351297.163704697,0
2021-11-10,ref-finance,7.179617471922226,34391770.383801825,0
2021-11-11,ref-finance,6.633596044415295,32570400.464279573,0
2021-11-12,ref-finance,7.848488132026667,37909214.91424891,0
2021-11-13,ref-finance,7.10602000801573,34962843.70936563,0
2021-11-14,ref-finance,6.933002627206215,34682431.58615814,0
2021-11-15,ref-finance,6.7606511968504215,37289988.40604092,0
2021-11-16,ref-finance,5.811189798205538,34872533.12485989,0
2021-11-17,ref-finance,5.050987772076097,30713868.59038884,0
2021-11-18,ref-finance,4.814195905789346,29613479.03920659,0
2021-11-19,ref-finance,4.260864986306785,27967074.67536881,0
2021-11-20,ref-finance,4.268415495223211,6675027.275856091,0
2021-11-21,ref-finance,4.38299412408052,1947190.0165696172,0
2021-11-22,ref-finance,4.3854183533359405,873874.0206769077,0
2021-11-23,ref-finance,4.047650063743609,1343007.6728922667,0
2021-11-24,ref-finance,4.20639552420717,1661820.8909880547,0
2021-11-25,ref-finance,3.8404609980329685,963386.5261860853,0
2021-11-26,ref-finance,3.7136749606418045,553855.5181928901,0
2021-11-27,ref-finance,3.3194565646881316,528180.5140753655,0
2021-11-28,ref-finance,3.3035851436211527,263184.3389032874,0
2021-11-29,ref-finance,3.2710568272696743,303491.0726674958,0
2021-11-30,ref-finance,3.2593756441285766,193568.16974086114,0
2021-12-01,ref-finance,3.3214802888031727,341930.5610303498,0
2021-12-02,ref-finance,3.1821360584336804,221148.82013001022,0
2021-12-03,ref-finance,3.0928563111356766,350621.5741088262,0
2021-12-04,ref-finance,3.4721296900622685,612186.0102743555,0
2021-12-05,ref-finance,2.9259224559524637,408756.0846095168,0
2021-12-06,ref-finance,2.6601839201143105,175385.50167574812,0
2021-12-07,ref-finance,2.5237360054358438,347023.34296435176,0
2021-12-08,ref-finance,2.5388941680435435,231910.1571865267,0
2021-12-09,ref-finance,2.927402602001526,552825.0667709543,0
2021-12-10,ref-finance,2.9814346912345115,341288.85379327676,0
2021-12-11,ref-finance,2.988491994761339,277705.17092663725,0
2021-12-12,ref-finance,3.3963914882628448,400943.5482902508,0
2021-12-13,ref-finance,3.0820034662650646,225784.98656189124,0
2021-12-14,ref-finance,2.6017896025626386,201434.17886652634,0
2021-12-15,ref-finance,2.5836937588713162,164338.17327691906,0
2021-12-16,ref-finance,2.6925233452501334,261292.11624279252,0
2021-12-17,ref-finance,2.511133494014901,198848.97802649834,0
2021-12-18,ref-finance,2.21532723254959,268184.84560335573,0
2021-12-19,ref-finance,2.10760284856923,297223.1500034601,0
2021-12-20,ref-finance,2.1761936179842625,178845.43335184842,0
2021-12-21,ref-finance,2.1084264909995936,86013.93425925475,0
2021-12-22,ref-finance,2.2494817219573893,92958.20414140876,0
2021-12-23,ref-finance,2.5331963558794244,364638.2017981078,0
2021-12-24,ref-finance,3.1487531759648566,492200.5196452657,0
2021-12-25,ref-finance,3.3508216192507034,343645.2693046014,0
2021-12-26,ref-finance,3.3026816098213847,214289.90932408214,0
2021-12-27,ref-finance,3.447040255422146,203431.2943326962,0
2021-12-28,ref-finance,2.8608054051801326,716520.2563426399,0
2021-12-29,ref-finance,2.2641978204461317,1056797.4361749913,0
2021-12-30,ref-finance,2.523832639562895,200673.3885549012,0
2021-12-31,ref-finance,2.605725627548081,167402.89069430158,0
2022-01-01,ref-finance,2.476959480255148,289427.8073514646,0
2022-01-02,ref-finance,2.587717198187876,282856.14009201893,0
2022-01-03,ref-finance,2.558568364070061,234089.5337448114,0
2022-01-04,ref-finance,2.8625182652157366,203653.69596599173,0
2022-01-05,ref-finance,2.9943765870677344,801876.2314261678,0
2022-01-06,ref-finance,3.4791994560867012,1943819.9824355696,0
2022-01-07,ref-finance,3.942882264074338,328693.00200372766,0
2022-01-08,ref-finance,3.765636542247306,687920.7609340802,0
2022-01-09,ref-finance,3.2501615454077335,732678.6739273071,0
2022-01-10,ref-finance,3.1842122665314587,94563.16852085204,0
2022-01-11,ref-finance,3.616619442528876,503664.7300177084,0
2022-01-12,ref-finance,4.249468474091867,831087.3344653229,0
2022-01-13,ref-finance,4.206500081938068,260609.99980621962,0
2022-01-14,ref-finance,5.05780200455025,2489621.168886194,0
2022-01-15,ref-finance,5.274140101653742,1161146.9002064904,0
2022-01-16,ref-finance,4.94596574143853,832731.1298285936,0
2022-01-17,ref-finance,5.0258718799553606,675719.3046258418,0
2022-01-18,ref-finance,4.711543522825888,1882410.9547360674,0
2022-01-19,ref-finance,4.369815399740742,292214.3640207784,0
2022-01-20,ref-finance,3.814746979995654,135438.11359601968,0
2022-01-21,ref-finance,3.6007943040771724,102524.81471374625,0
2022-01-22,ref-finance,3.031683462282693,191058.8947990098,0
2022-01-23,ref-finance,2.468731835550187,269120.23111169616,0
2022-01-24,ref-finance,2.5738930832966513,62770.810928690495,0
2022-01-25,ref-finance,2.2715944956888894,99130.44050655844,0
2022-01-26,ref-finance,2.5669176784865084,79257.42029288033,0
2022-01-27,ref-finance,2.201104211226238,110568.78787229347,0
2022-01-28,ref-finance,2.2189111644892328,610121.2695038137,0
2022-01-29,ref-finance,2.1576248531320927,617195.8308156654,0
2022-01-30,ref-finance,2.120724820809637,255891.41504128507,0
2022-01-31,ref-finance,1.9926125485968276,172355.30462542243,0
2022-02-01,ref-finance,1.785225086403645,625499.1102694168,0
2022-02-02,ref-finance,1.8294457464143854,140118.66791063634,0
2022-02-03,ref-finance,1.861060065542921,106821.2409576284,0
2022-02-04,ref-finance,1.7238327121069719,224548.09473143937,0
2022-02-05,ref-finance,2.0652360398899914,121571.54968869958,0
2022-02-06,ref-finance,2.002406240802053,159292.26483793408,0
2022-02-07,ref-finance,2.041307668221286,127115.152607219,0
2022-02-08,ref-finance,1.992899383064101,253687.20745681948,0
2022-02-09,ref-finance,1.9434541512596515,210043.3918617254,0
2022-02-10,ref-finance,1.9906589609777867,308156.9441182478,0
2022-02-11,ref-finance,1.8687801829518076,317124.14493865834,0
2022-02-12,ref-finance,1.6646833102357468,160987.72612251385,0
2022-02-13,ref-finance,1.6699645475203222,143169.98062084217,0
2022-02-14,ref-finance,1.5930596506419765,150460.01001275485,0
2022-02-15,ref-finance,1.6129892569041349,101144.82358346148,0
2022-02-16,ref-finance,1.7838539488291172,114461.18988865687,0
2022-02-17,ref-finance,1.6939634624921258,211856.55211294672,9198232.932099527
2022-02-18,ref-finance,1.6295425291431178,296460.2600757055,8842657.652954338
2022-02-19,ref-finance,1.6902535356560164,317121.9478181902,9106456.917634254
2022-02-20,ref-finance,1.6457210350241662,358653.1192496741,8870246.877989342
2022-02-21,ref-finance,1.5108806160897534,250144.61868338095,8173431.03972411
2022-02-22,ref-finance,1.3893620802930158,218541.50151393024,7481883.697628305
2022-02-23,ref-finance,1.3893667010113602,42144.51984210071,7492854.618554264
2022-02-24,ref-finance,1.3427192349077839,162248.22943010664,7281806.405778617
2022-02-25,ref-finance,1.263311607381122,287129.2311207152,6815933.777010621
2022-02-26,ref-finance,1.2833903068441221,284254.07539128774,6945500.156577571
2022-02-27,ref-finance,1.2948613004911744,148891.58158535892,6971202.749781073
2022-02-28,ref-finance,1.198502084586795,200777.62569592387,6473359.466142788
2022-03-01,ref-finance,1.371226302817921,220946.0788860752,7368609.635591242
2022-03-02,ref-finance,1.5865842617691002,395963.5907087722,8425060.712009287
2022-03-03,ref-finance,1.4864881210632142,50327.86455661662,8003411.175154434
2022-03-04,ref-finance,1.5228967275391196,90582.75188715347,8218006.533524947
2022-03-05,ref-finance,1.4071132988962443,357161.55667324597,7580989.95875211
2022-03-06,ref-finance,1.3854744063192783,129064.04537326691,7472666.640792687
2022-03-07,ref-finance,1.306517176306843,188380.93787606995,7060410.873942296
2022-03-08,ref-finance,1.1970249602072376,290823.8870803222,6464699.874576903
2022-03-09,ref-finance,1.1908663303419702,157935.0120849768,6409472.129655534
2022-03-10,ref-finance,1.3541317069678425,269077.3071244622,7304874.048367697
2022-03-11,ref-finance,1.2783899526423004,194082.10939218503,6919561.693961321
2022-03-12,ref-finance,1.1674733379428326,218660.49422980036,6324491.42044788
2022-03-13,ref-finance,1.084254121599531,405365.2283324013,5851669.6515778685
2022-03-14,ref-finance,1.0381260669483194,146576.43238825575,5599996.453031211
2022-03-15,ref-finance,1.0588393562588738,206788.9828238643,5699118.840300644
2022-03-16,ref-finance,1.06545878187513,35111.18033407573,5699403.110441854
2022-03-17,ref-finance,1.107955162690328,313095.27393083577,5929956.913310895
2022-03-18,ref-finance,1.084467236232816,293491.77177557955,5854154.28569892
2022-03-19,ref-finance,1.160446417938513,170666.79421402278,6253523.771347733
2022-03-20,ref-finance,1.1511967135813905,218918.96465190663,6206136.965720226
2022-03-21,ref-finance,1.0941912656707016,310450.3394771076,5897565.699472476
2022-03-22,ref-finance,1.1001569364898371,131465.76008302462,5993534.6361401975
2022-03-23,ref-finance,1.0699945254916032,307910.247205687,5769388.03176194
2022-03-24,ref-finance,1.1844488688910422,281839.0666865017,11103372.152286591
2022-03-25,ref-finance,1.2055194047573043,251195.38172259586,11393837.641379077
2022-03-26,ref-finance,1.1392255599778776,284157.03456521494,10832701.75362448
2022-03-27,ref-finance,1.1697331914506934,233614.2330160825,11180042.957198646
2022-03-28,ref-finance,1.1769104071065755,185056.40203508022,11291759.995496612
2022-03-29,ref-finance,1.143194473893494,407778.11742360773,11110274.532248966
2022-03-30,ref-finance,1.2376951093032602,435531.93840369594,12100980.967489716
2022-03-31,ref-finance,1.2357415915472436,384246.16885767446,12109096.657732332
2022-04-01,ref-finance,1.187400038326679,443976.60168942565,11821796.082959598
2022-04-02,ref-finance,1.2725707697689193,234763.0956263051,12606900.757241962
2022-04-03,ref-finance,1.3075724303879643,549832.20835988,13194247.617613802
2022-04-04,ref-finance,1.6963854963619136,1729389.7202329186,17064965.08927764
2022-04-05,ref-finance,1.751495002130541,507910.5403668573,17347934.779873617
2022-04-06,ref-finance,1.555908566219765,740185.2266847863,15979339.129014788
2022-04-07,ref-finance,1.45041071729947,855137.9817272027,14966248.7807204
2022-04-08,ref-finance,1.5753305968838696,952556.997459454,16077340.86965202
2022-04-09,ref-finance,2.016867156568298,6474241.81262021,20793277.62025963
2022-04-10,ref-finance,2.006308742070543,1539375.7913975178,20818374.746982485
2022-04-11,ref-finance,1.8406221849737399,844579.6700049638,19320620.434328124
2022-04-12,ref-finance,1.7690872940503966,963351.6136855021,18423956.66613412
2022-04-13,ref-finance,2.1984896095318747,1899852.3118778819,23008458.643886816
2022-04-14,ref-finance,2.912309420739866,3966555.4101669495,30703423.336574614
2022-04-15,ref-finance,2.846218757027754,3134832.585945889,30161024.720642053
2022-04-16,ref-finance,2.9242715523093565,1957874.0149622064,31187832.53488112
2022-04-17,ref-finance,2.8057432452738027,1851616.4210257,30498623.094782565
2022-04-18,ref-finance,2.8603729288162216,587441.4275561039,31756318.816117104
2022-04-19,ref-finance,3.3323167031035883,4404767.132420653,36477012.205600455
2022-04-20,ref-finance,3.678555784346282,8818788.823209466,40558706.52322628
2022-04-21,ref-finance,3.6259823446819497,3815690.1576830987,40463864.79930531
2022-04-22,ref-finance,3.497475250663227,6513304.87331615,39248935.729826786
2022-04-23,ref-finance,3.340828193675307,3369194.357851776,37513778.225770205
2022-04-24,ref-finance,3.9294830991872334,4809215.195205821,44351188.910223246
2022-04-25,ref-finance,3.703887853607588,2914622.1082392544,42216687.81165304
2022-04-26,ref-finance,3.823234741583767,9506492.525680533,43465881.56876513
2022-04-27,ref-finance,2.736188062018441,6226702.730666641,31286789.814641755
2022-04-28,ref-finance,2.842756401945631,2912795.2446394037,32718221.743985526
2022-04-29,ref-finance,2.5791303158648913,2422917.873485196,29657954.448009543
2022-04-30,ref-finance,2.0511704284455274,1934340.9613152985,23674642.232451003
2022-05-01,ref-finance,1.7201304870460896,1096815.5057470626,20125784.526965156
2022-05-02,ref-finance,1.9971024455678414,1907375.4892153374,23521989.808528185
2022-05-03,ref-finance,1.8621206117530993,2655105.239643229,21996471.753851064
2022-05-04,ref-finance,1.955352730282222,830946.682599895,23052251.713862896
2022-05-05,ref-finance,2.2603965629567946,1613318.6788093157,26994021.324500404
2022-05-06,ref-finance,1.8124653733904443,1485841.7776570357,21776313.439800836
2022-05-07,ref-finance,1.6769592458972125,988300.3673018339,20184410.162263513
2022-05-08,ref-finance,1.5688106864451827,530812.3060464704,19030027.859332584
2022-05-09,ref-finance,1.6995567392618953,1014037.2433998752,20966344.364248484
2022-05-10,ref-finance,1.3083430894118118,1665069.9705164125,16201898.879716717
2022-05-11,ref-finance,1.2923000471718298,1579364.1260005797,15744447.905440776
2022-05-12,ref-finance,0.7499306629634211,1870554.0521537964,8799166.827556534
2022-05-13,ref-finance,0.7367292014310733,1185525.3487006258,9066423.514464268
2022-05-14,ref-finance,0.7179207203372566,1021806.5706383095,8929895.405845756
2022-05-15,ref-finance,0.7201290344796174,449056.1445554241,8978021.297142025
2022-05-16,ref-finance,0.8242259530348806,442214.0115078141,10248732.884063704
2022-05-17,ref-finance,0.6865104555453058,340763.7077266888,8698274.20877467
2022-05-18,ref-finance,0.6924344009968657,315396.6535804444,8714424.643679291
2022-05-19,ref-finance,0.5782446974027625,351179.71881604736,7398536.135482042
2022-05-20,ref-finance,0.60152868197407,325932.04816775105,7622819.893171245
2022-05-21,ref-finance,0.5718396172994439,216284.1344425752,7316510.888237454
2022-05-22,ref-finance,0.5870558930773345,190165.21557034957,7332516.623691812
2022-05-23,ref-finance,0.6141892678707991,289152.67592075496,7842848.448896361
2022-05-24,ref-finance,0.5750355711856043,221398.51612763124,7397627.259276465
2022-05-25,ref-finance,0.5682615342348832,285757.6006022039,7337243.771304632
2022-05-26,ref-finance,0.5711026940883366,200243.33660062062,7406255.243828312
2022-05-27,ref-finance,0.522484532411959,185507.29119486507,6785049.546624086
2022-05-28,ref-finance,0.45777310041539354,181688.42390703308,5956777.12757008
2022-05-29,ref-finance,0.4759219886508601,97779.37106730143,6220172.805741553
2022-05-30,ref-finance,0.5007445869496988,137123.90766297973,6556181.432689636
2022-05-31,ref-finance,0.5562462513674664,289003.67327470786,7329691.172247494
2022-06-01,ref-finance,0.600172296465653,452088.37089961814,7984031.039579536
2022-06-02,ref-finance,0.5277363027727479,258864.19240431854,7055294.737725003
2022-06-03,ref-finance,0.5582240604706006,171447.81679121748,7507938.331319045
2022-06-04,ref-finance,0.5163950466626981,136450.79567511097,6955214.2987875175
2022-06-05,ref-finance,0.5100575279479613,129304.67873852215,6873913.942496163
2022-06-06,ref-finance,0.511897593482793,133071.2848517936,6929229.737024994
2022-06-07,ref-finance,0.5207941021957295,202601.22157585708,7087049.019572122
2022-06-08,ref-finance,0.48620926586579194,165163.51380094295,6660673.436578091
2022-06-09,ref-finance,0.46486829595043794,196531.57933669176,6382479.892058387
2022-06-10,ref-finance,0.46194411008004604,228857.26530595095,6345562.800109441
2022-06-11,ref-finance,0.40456985350085906,253048.5518635056,5568265.529500721
2022-06-12,ref-finance,0.35525118404770345,294722.63371449575,4905786.960736464
2022-06-13,ref-finance,0.3214879360293636,201764.97737417024,4487930.373986277
2022-06-14,ref-finance,0.28144944700664415,250402.35752233453,3869874.529924058
2022-06-15,ref-finance,0.2740296001812397,205762.0152447312,3811928.4168886137
2022-06-16,ref-finance,0.3109079137347982,240859.6629558433,4256914.636293581
2022-06-17,ref-finance,0.2713463781289769,191919.70280502204,3865509.230940759
2022-06-18,ref-finance,0.2794123888974364,166400.81230168676,3909970.62971211
2022-06-19,ref-finance,0.2514587546031923,191413.103433006,3552194.662623241
2022-06-20,ref-finance,0.26453490295679116,181342.8777424289,3703792.2942840597
2022-06-21,ref-finance,0.2822063907146045,260695.3838091008,3985242.7157509364
2022-06-22,ref-finance,0.2881981835767303,173391.54917846373,4100113.3899723156
2022-06-23,ref-finance,0.2708808328809016,135584.06975831743,3874163.7454567277
2022-06-24,ref-finance,0.2874234487400144,150405.06078027596,4100879.276214223
2022-06-25,ref-finance,0.3147207222020454,155460.51053093118,4507057.619155015
2022-06-26,ref-finance,0.31451647998219256,223807.9571719421,4548568.281668493
2022-06-27,ref-finance,0.2936210070536221,137775.22251264378,4226498.481150484
2022-06-28,ref-finance,0.2906563271467044,146975.7491655285,4208071.1298880195
2022-06-29,ref-finance,0.26387515058217714,101117.13220753602,3833902.7852278966
2022-06-30,ref-finance,0.2623574081437591,56836.49024849414,3825929.3739855234
2022-07-01,ref-finance,0.26066021761769675,99449.78139971223,3795895.9321261193
2022-07-02,ref-finance,0.2652522295715495,79777.48830911043,3897484.8461207994
2022-07-03,ref-finance,0.2644479695773845,70220.9693559623,3889669.094571687
2022-07-04,ref-finance,0.26547606562131243,65097.27706851971,3900768.768885066
2022-07-05,ref-finance,0.27493340947801725,60930.66661997753,4068607.4840396126
2022-07-06,ref-finance,0.2827127410884527,131949.82667966696,4191962.1239403863
2022-07-07,ref-finance,0.2911055756850733,94631.89410708216,4331927.053626682
2022-07-08,ref-finance,0.3077794867532479,70806.69764205128,4596922.203333767
2022-07-09,ref-finance,0.30074853159948867,136515.5445735352,4500365.088988257
2022-07-10,ref-finance,0.3305782966478475,182250.7057998272,4943106.913792177
2022-07-11,ref-finance,0.30934984926533987,177158.95401862028,4642671.224958794
2022-07-12,ref-finance,0.2869596235568623,94550.94117453828,4329888.171764979
2022-07-13,ref-finance,0.28772150068268737,100358.93588166016,4367963.0002372535
2022-07-14,ref-finance,0.301533345074246,100214.31454961051,4556516.226724527
2022-07-15,ref-finance,0.34463446243001405,284180.0924441414,5239123.295315395
2022-07-16,ref-finance,0.34435238606251994,107976.30976256989,5223854.762035266
2022-07-17,ref-finance,0.3655912591370346,141650.3066113628,5584216.099266235
2022-07-18,ref-finance,0.35814681555047884,90565.2518267287,5494956.462103523
2022-07-19,ref-finance,0.4132054462501362,265959.45548226783,6291155.102166314
2022-07-20,ref-finance,0.4495411541765613,295774.8552530616,6602722.319868868
2022-07-21,ref-finance,0.4064307906112759,194085.9481261069,5971481.568180168
2022-07-22,ref-finance,0.42109416136146555,153123.9058728874,6202484.3346808795
2022-07-23,ref-finance,0.4132578295856857,157837.61487700697,6081806.862836477
2022-07-24,ref-finance,0.38889444989519156,244772.07150104377,5723333.135331856
2022-07-25,ref-finance,0.3911239877635125,157433.04628806224,5791507.779550914
2022-07-26,ref-finance,0.3482757392591536,143032.12523551105,5389244.445367031
2022-07-27,ref-finance,0.34202517925791537,129649.1836405522,5299527.383879706
2022-07-28,ref-finance,0.37662895378056466,234587.86792376125,5852477.045292294
2022-07-29,ref-finance,0.40334688484918574,218043.11955977944,6284784.3757914
2022-07-30,ref-finance,0.41230733763103294,349000.1515845626,6644713.57340321
2022-07-31,ref-finance,0.4055586950256053,212253.96344772523,6525527.238129474
2022-08-01,ref-finance,0.40155776260932247,157441.17809796258,7061526.143554474
2022-08-02,ref-finance,0.39232183444048474,208775.99973437656,6922447.503589195
2022-08-03,ref-finance,0.4057530229664719,328706.43787132716,7248244.795970339
2022-08-04,ref-finance,0.4164841135354973,280127.4709425872,8097001.715233758
2022-08-05,ref-finance,0.41462585285668224,277888.8037524211,7392893.348407983
2022-08-06,ref-finance,0.4841750681548366,640333.0345789879,8816127.11768572
2022-08-07,ref-finance,0.44671259146979,331670.4408150011,8251315.161157577
2022-08-08,ref-finance,0.4536804184437555,247126.0031395351,8372364.967300128
2022-08-09,ref-finance,0.516344490305276,589019.2185154185,9536744.212088717
2022-08-10,ref-finance,0.5133758923290255,495165.07756654604,9527208.021158554
2022-08-11,ref-finance,0.582736471725066,834439.8374744675,10762740.593262257
2022-08-12,ref-finance,0.5822473750665513,565945.2252045047,10940808.372650076
2022-08-13,ref-finance,0.5956931291246266,455706.2037779625,11097612.598131161
2022-08-14,ref-finance,0.5849862067112847,319280.7276646141,10858960.437424967
2022-08-15,ref-finance,0.5246729807416154,515657.31560438836,9748755.006653165
2022-08-16,ref-finance,0.49855909473601906,526142.9290887981,9221242.202236092
2022-08-17,ref-finance,0.4955706770481732,538173.7876196657,9178938.463415472
2022-08-18,ref-finance,0.4537951563364824,315426.0440928423,8412269.541438095
2022-08-19,ref-finance,0.4467030080936797,280468.1976157659,8305402.315144528
2022-08-20,ref-finance,0.39169449533337264,310455.87100196903,7279038.45209204
2022-08-21,ref-finance,0.388893843082417,361654.91855294525,7170900.520333852
2022-08-22,ref-finance,0.39954518432514696,264697.12585383723,7453673.7412515385
2022-08-23,ref-finance,0.3784632556266275,308994.7557168817,7058522.115052416
2022-08-24,ref-finance,0.3988179825428915,181324.99771145047,7463568.090756906
2022-08-25,ref-finance,0.4013786799551742,113169.23170240893,7504477.865991096
2022-08-26,ref-finance,0.3999864566178451,120108.24899082149,7491240.086811583
2022-08-27,ref-finance,0.36709782199783636,189878.7562886502,6940200.045739588
2022-08-28,ref-finance,0.36813655435591314,147201.4482680079,6896169.43482785
2022-08-29,ref-finance,0.3490445864326606,96475.864543745,6538008.613671439
2022-08-30,ref-finance,0.3709062626367377,218950.24632038348,6956499.955454896
2022-08-31,ref-finance,0.3956348807155157,296160.7300114365,7422397.518474105
2022-09-01,ref-finance,0.41604974624081625,321612.72970017424,7786905.918557201
2022-09-02,ref-finance,0.41793593927729894,158628.37955233894,8423427.923767116
2022-09-03,ref-finance,0.3994449612532607,167598.82956606132,8056917.611173837
2022-09-04,ref-finance,0.40028046876968715,105872.91912016702,8075353.117047176
2022-09-05,ref-finance,0.40450673509653007,158396.28368231165,8155533.613773733
2022-09-06,ref-finance,0.40066992739453255,114666.64480865182,8091254.876870403
2022-09-07,ref-finance,0.38960699927095305,243149.01905639557,7873090.744915651
2022-09-08,ref-finance,0.4224633619514341,236682.21159023725,9143614.857287778
2022-09-09,ref-finance,0.4428014796997786,183374.20472904108,9454966.428454239
2022-09-10,ref-finance,0.4535848288877158,162758.53837245988,9170864.17561563
2022-09-11,ref-finance,0.4477625186977647,128925.94420969072,8240730.057371869
2022-09-12,ref-finance,0.4543116721595476,191565.8618549058,8419462.228809686
2022-09-13,ref-finance,0.488785417236072,358371.9091359529,9030745.487469865
2022-09-14,ref-finance,0.42126549991147627,293133.986143931,7839810.802962699
2022-09-15,ref-finance,0.42040582912108065,208438.2881783819,7813906.527968184
2022-09-16,ref-finance,0.3933022681376392,141387.3360140125,7310997.960460082
2022-09-17,ref-finance,0.3903722592741708,232933.7014588573,7279205.081891377
2022-09-18,ref-finance,0.40497364485724385,94311.68758221735,7592738.444988687
2022-09-19,ref-finance,0.3709811908269891,141294.5360442673,6951643.316544667
2022-09-20,ref-finance,0.3878033981428832,193325.33643221104,7309778.498768039
2022-09-21,ref-finance,0.3663605379028676,111436.26165392197,6899605.146846488
2022-09-22,ref-finance,0.3454969892711466,180016.94332832002,6525271.660031705
2022-09-23,ref-finance,0.3667012637697815,118773.19873722299,6949168.589776231
2022-09-24,ref-finance,0.3519185541348216,141245.69958004815,6659084.4818065865
2022-09-25,ref-finance,0.3481637910339721,64561.38584939024,6604590.563304512
2022-09-26,ref-finance,0.3387475413628497,64836.3800646785,6433202.4994428735
2022-09-27,ref-finance,0.3352256941975743,140613.3143003072,6406159.51509534
2022-09-28,ref-finance,0.33204317802392164,143374.1639259844,6382174.285766581
2022-09-29,ref-finance,0.32892272502652165,90839.30607093805,6319215.96866276
2022-09-30,ref-finance,0.33114583244033224,119002.17218381877,6376177.760837924
2022-10-01,ref-finance,0.3272791360496208,76430.62413640761,6299513.390820685
2022-10-02,ref-finance,0.3242193925317926,57663.57966353895,6249390.770813907
2022-10-03,ref-finance,0.31817346486350356,54239.4590572225,6147426.537803392
2022-10-04,ref-finance,0.3139707481962297,239891.12880466104,6080534.566799822
2022-10-05,ref-finance,0.32335701818076784,93624.82885250417,6276823.187923678
2022-10-06,ref-finance,0.3201278594907266,145578.89384983524,6232794.955449372
2022-10-07,ref-finance,0.3251260624942872,112276.16118769017,6333715.6635789415
2022-10-08,ref-finance,0.3296933534109321,147692.23524316057,6445738.450244995
2022-10-09,ref-finance,0.32517889674326395,140814.14083543557,6346382.316373296
2022-10-10,ref-finance,0.3214747405573697,161633.0286605257,6308371.652553473
2022-10-11,ref-finance,0.30330018501096767,175630.7778386485,6012620.872146758
2022-10-12,ref-finance,0.29505148835239475,221310.04801940272,5813326.918962047
2022-10-13,ref-finance,0.2848156996721726,241075.18947417135,5620694.650751408
2022-10-14,ref-finance,0.27603337610757295,269390.99164355244,5445972.6788577
2022-10-15,ref-finance,0.2911855415254911,414147.25220165856,5773604.375483772
2022-10-16,ref-finance,0.2805512424961621,191872.96582546053,5590050.844192387
2022-10-17,ref-finance,0.2850905887172966,196231.22842018623,5671882.7602176145
2022-10-18,ref-finance,0.2924112998601993,189287.88000048097,5826791.7073590215
2022-10-19,ref-finance,0.28525439785303186,206483.165645211,5592618.373884456
2022-10-20,ref-finance,0.27483962026273706,187538.54697795174,5392278.979659136
2022-10-21,ref-finance,0.2728453688470724,170668.3388297849,5438437.543790589
2022-10-22,ref-finance,0.2594941885995762,277317.11117718776,5168435.946146168
2022-10-23,ref-finance,0.26292996102280186,169560.74653672968,5240114.452578563
2022-10-24,ref-finance,0.26511181852227306,162904.53214736813,5279532.2737489
2022-10-25,ref-finance,0.2573549553026704,196227.24105604782,5173686.8075815905
2022-10-26,ref-finance,0.2623454859276302,212885.18451807965,5283795.253872638
2022-10-27,ref-finance,0.26491881670293754,183332.62184108203,5306928.2430159375
2022-10-28,ref-finance,0.25908610263463044,176942.44865708688,5234748.904009787
2022-10-29,ref-finance,0.26516850473966824,185929.4031311261,5357658.127866742
2022-10-30,ref-finance,0.27245749188008916,209238.85407845743,5570230.386300168
2022-10-31,ref-finance,0.26981531237049883,206617.65972510687,5524489.87735015
2022-11-01,ref-finance,0.2728755472013319,186728.35297411252,5599175.2965140045
2022-11-02,ref-finance,0.26607901159188224,213001.43261591348,5492798.838165966
2022-11-03,ref-finance,0.2486242068701754,275716.579937898,5121826.352267916
2022-11-04,ref-finance,0.24895299501676815,238722.52860076888,5120308.406147101
2022-11-05,ref-finance,0.26507350631541526,210414.3839986422,5480280.83862564
2022-11-06,ref-finance,0.2681444746862087,203489.15853738633,5549506.234144917
2022-11-07,ref-finance,0.24698364642635467,218224.0841855117,5117159.830885562
2022-11-08,ref-finance,0.2393552198718981,211712.8520699703,4957502.922669994
2022-11-09,ref-finance,0.20126961477884917,307661.1894912369,4182642.532395628
2022-11-10,ref-finance,0.14495051519411162,340354.1766012574,3019506.630008329
2022-11-11,ref-finance,0.18011491383856762,316666.5990411091,3745914.092781423
2022-11-12,ref-finance,0.1580324241316012,216053.10523563318,3293101.5628231107
2022-11-13,ref-finance,0.1435381429387509,197563.2067695916,2993200.482575645
2022-11-14,ref-finance,0.12934712967718262,237671.90438549424,2700294.4663505247
2022-11-15,ref-finance,0.13139868787846948,259610.83360704585,2734063.196654057
2022-11-16,ref-finance,0.1342525749926557,208367.48410510283,2809523.270005116
2022-11-17,ref-finance,0.1366352001590222,188818.97827117814,2868526.8497550166
2022-11-18,ref-finance,0.13307807995765217,207990.3281475987,2798998.3284586933
2022-11-19,ref-finance,0.13088279259281485,181122.97588773104,2755410.28661251
2022-11-20,ref-finance,0.12742580626848468,211294.02841053763,2689164.9061861187
2022-11-21,ref-finance,0.11306302827268026,207241.4731095031,2384807.9885158488
2022-11-22,ref-finance,0.1157209231081261,206510.07405551296,2449838.4319090396
2022-05-16,jumbo-exchange,3.1071796593804373,748669.7181479282,0
2022-05-17,jumbo-exchange,3.1071796593804373,748669.7181479282,0
2022-05-18,jumbo-exchange,3.0895709325909437,168856.50431462852,0
2022-05-19,jumbo-exchange,3.1872776863287466,146013.37336467893,0
2022-05-20,jumbo-exchange,3.3299447815232393,146612.2270541837,0
2022-05-21,jumbo-exchange,3.2894639913917456,175514.17212822213,0
2022-05-22,jumbo-exchange,3.36939657972875,187645.3673062956,0
2022-05-23,jumbo-exchange,3.785813085288826,230308.18678958822,0
2022-05-24,jumbo-exchange,3.2311503122064074,174172.16831117668,0
2022-05-25,jumbo-exchange,3.0931354892033562,182992.83481212475,0
2022-05-26,jumbo-exchange,2.936617812605025,2086872.432331191,0
2022-05-27,jumbo-exchange,2.5638984033288645,5225246.076864507,0
2022-05-28,jumbo-exchange,2.2874246026850074,4799820.011091692,0
2022-05-29,jumbo-exchange,2.3257915040737625,5563560.310883757,0
2022-05-30,jumbo-exchange,2.2623668102936643,4339145.9589285925,0
2022-05-31,jumbo-exchange,2.4230708613527407,4849718.449879289,0
2022-06-01,jumbo-exchange,2.393900138784051,6140573.135054361,0
2022-06-02,jumbo-exchange,2.314411672271929,4435748.822589273,0
2022-06-03,jumbo-exchange,2.3357451524236184,5178416.908328641,0
2022-06-04,jumbo-exchange,2.1881450277886283,5387819.247779512,0
2022-06-05,jumbo-exchange,2.19734628633487,5250479.307922604,0
2022-06-06,jumbo-exchange,2.222571959987639,5973644.544409923,0
2022-06-07,jumbo-exchange,2.1774243062615466,5567229.053653346,0
2022-06-08,jumbo-exchange,2.1764841577330385,6235574.099054985,0
2022-06-09,jumbo-exchange,2.0849285759571328,6519131.054932314,0
2022-06-10,jumbo-exchange,2.0780018847228363,5599908.609216896,0
2022-06-11,jumbo-exchange,1.969485134333296,6573017.065185069,0
2022-06-12,jumbo-exchange,1.8438854484269394,5848611.90976034,0
2022-06-13,jumbo-exchange,1.719372060491446,6550045.420644376,0
2022-06-14,jumbo-exchange,1.5955048838469121,7228350.3450123565,0
2022-06-15,jumbo-exchange,1.545545887761711,5563353.499683148,0
2022-06-16,jumbo-exchange,1.4741006420831688,4266739.136543597,0
2022-06-17,jumbo-exchange,1.3466824611707848,4649778.450704767,0
2022-06-18,jumbo-exchange,1.4773366123773932,4545374.3833861835,0
2022-06-19,jumbo-exchange,1.5212214571988019,4866328.911975702,0
2022-06-20,jumbo-exchange,1.5309336053260234,4780011.431633007,0
2022-06-21,jumbo-exchange,1.5623388332085517,4822335.298518375,0
2022-06-22,jumbo-exchange,1.8452650705388527,4696320.876568917,0
2022-06-23,jumbo-exchange,1.5939931495320763,4562541.405275252,0
2022-06-24,jumbo-exchange,1.6626827936025708,4733573.698175868,0
2022-06-25,jumbo-exchange,1.8000631910718843,4771075.374128753,0
2022-06-26,jumbo-exchange,1.7906823804456558,4483750.771729347,0
2022-06-27,jumbo-exchange,1.6375073759045582,4645754.739010661,0
2022-06-28,jumbo-exchange,1.6430385812630306,3941572.067528754,0
2022-06-29,jumbo-exchange,1.4189892510514768,3329781.8726319578,0
2022-06-30,jumbo-exchange,1.5157900786802525,3578538.0873592556,0
2022-07-01,jumbo-exchange,1.4024499272420463,3504368.4121418907,0
2022-07-02,jumbo-exchange,1.4578451924598343,3537356.120607962,0
2022-07-03,jumbo-exchange,1.419899520333429,3440060.46029086,0
2022-07-04,jumbo-exchange,1.3995885415309168,3484133.030487063,0
2022-07-05,jumbo-exchange,1.4482414205016487,2445820.57352815,0
2022-07-06,jumbo-exchange,1.4548207577701897,1753926.6410462363,0
2022-07-07,jumbo-exchange,1.4316399497147665,1747573.3061993697,0
2022-07-08,jumbo-exchange,1.3257160116391413,1684022.0952555924,0
2022-07-09,jumbo-exchange,1.187609748940979,1564610.0412766684,0
2022-07-10,jumbo-exchange,1.176961553995978,1616999.495278837,0
2022-07-11,jumbo-exchange,1.1188654488614298,1622398.7123897485,0
2022-07-12,jumbo-exchange,1.1152959942635257,1684962.5880739014,0
2022-07-13,jumbo-exchange,1.1156132208128435,1732745.2220005966,0
2022-07-14,jumbo-exchange,1.0778748900928383,1710041.1768669335,0
2022-07-15,jumbo-exchange,1.1239484045150605,1758681.0268664744,0
2022-07-16,jumbo-exchange,1.1210942307624157,1752151.9631639756,0
2022-07-17,jumbo-exchange,1.1400128899469495,1756078.5681141184,0
2022-07-18,jumbo-exchange,1.0845678791361217,1762902.1486195575,0
2022-07-19,jumbo-exchange,1.1501217815667588,1750771.606346119,0
2022-07-20,jumbo-exchange,1.1512857190966872,1781790.2297536312,0
2022-07-21,jumbo-exchange,1.1159992800099683,3210696.1383838216,0
2022-07-22,jumbo-exchange,1.1777548809730116,970150.8856442465,0
2022-07-23,jumbo-exchange,1.168540037330847,1468593.8239926181,0
2022-07-24,jumbo-exchange,1.0889861212421137,1437693.950734701,0
2022-07-25,jumbo-exchange,1.0671100327030767,1446286.1270458167,0
2022-07-26,jumbo-exchange,0.9364310009039124,1289111.8450954503,0
2022-07-27,jumbo-exchange,0.9612465198795447,1062003.4425462908,0
2022-07-28,jumbo-exchange,0.9942624030902287,767840.275506854,0
2022-07-29,jumbo-exchange,1.051848369766489,348015.81345635414,0
2022-07-30,jumbo-exchange,1.05292799211332,112000.56512659005,0
2022-07-31,jumbo-exchange,1.0316034934254201,121549.68244649113,0
2022-08-01,jumbo-exchange,1.0054677989455605,399914.67332718027,0
2022-08-02,jumbo-exchange,0.9911902802220934,220380.73840227735,0
2022-08-03,jumbo-exchange,0.984222786701797,147419.64977399886,0
2022-08-04,jumbo-exchange,0.9604144909027675,148060.91546291453,0
2022-08-05,jumbo-exchange,0.9191040152000114,98124.12904902957,0
2022-08-06,jumbo-exchange,0.9801438574913768,288928.6274122067,0
2022-08-07,jumbo-exchange,0.9180081914124704,98123.99922284354,0
2022-08-08,jumbo-exchange,0.932473601177848,84674.65782988966,0
2022-08-09,jumbo-exchange,0.9875809038934779,248881.9865450942,0
2022-08-10,jumbo-exchange,0.958891837656871,114329.09305540755,0
2022-08-11,jumbo-exchange,1.0247308620188842,48179.396508885075,0
2022-08-12,jumbo-exchange,1.0006038942400637,18482.356246802185,0
2022-08-13,jumbo-exchange,1.0231743735692003,35678.33521910715,0
2022-08-14,jumbo-exchange,0.995401900447906,70883.21642866515,0
2022-08-15,jumbo-exchange,0.9321834019501224,33288.01265456753,0
2022-08-16,jumbo-exchange,0.9161738008721958,15577.483979276294,0
2022-08-17,jumbo-exchange,0.9180083384019864,70749.7208493969,0
2022-08-18,jumbo-exchange,0.8951795667936437,13384.0419985239,0
2022-08-19,jumbo-exchange,0.8772653999274203,15899.909045386223,0
2022-08-20,jumbo-exchange,0.8630695986057074,11091.473353417501,0
2022-08-21,jumbo-exchange,0.8482288483796101,15797.951269323632,0
2022-08-22,jumbo-exchange,0.8661029723343329,6184.9253833783305,0
2022-08-23,jumbo-exchange,0.8345926584082906,2384.8029147747247,0
2022-08-24,jumbo-exchange,0.8722475928072595,1978.2447347849993,0
2022-08-25,jumbo-exchange,0.8601713106254364,847.8968821471118,0
2022-08-26,jumbo-exchange,0.8755554986696121,1120.3345849354748,0
2022-08-27,jumbo-exchange,0.8297707549931277,5278.172364750028,0
2022-08-28,jumbo-exchange,0.8489488817086671,819.7486792766998,0
2022-08-29,jumbo-exchange,0.7899815012240803,8961.737996287677,0
2022-08-30,jumbo-exchange,0.8476339717910352,12605.68954197654,0
2022-08-31,jumbo-exchange,0.8471962846929155,44860.74475197981,0
2022-09-01,jumbo-exchange,0.8741231936735129,71250.86644308039,0
2022-09-02,jumbo-exchange,0.8518865560110717,25335.191364404873,0
2022-09-03,jumbo-exchange,0.8254685287944119,7141.377438437743,0
2022-09-04,jumbo-exchange,0.8058752255227524,1256.4182890500952,0
2022-09-05,jumbo-exchange,0.8298459417855951,65485.96713689128,0
2022-09-06,jumbo-exchange,0.81941651923047365,18042.339353795738,0
2022-09-07,jumbo-exchange,0.8055451772035302,41395.918222630346,0
2022-09-08,jumbo-exchange,0.8218868120614871,16726.837971426517,0
2022-09-09,jumbo-exchange,0.8552733576351925,7703.0962315725565,0
2022-09-10,jumbo-exchange,0.8697714554725504,12316.454160210547,0
2022-09-11,jumbo-exchange,0.862997382991374,19831.931146405743,0
2022-09-12,jumbo-exchange,0.8686429181517464,6986.976251874395,0
2022-09-13,jumbo-exchange,0.9082477499127398,9632.344557973649,0
2022-09-14,jumbo-exchange,0.8188512044071434,4843.540753663576,0
2022-09-15,jumbo-exchange,0.8043306534114928,64460.07622920175,0
2022-09-16,jumbo-exchange,0.7714066723706875,14530.84904307915,0
2022-09-17,jumbo-exchange,0.7722193430238004,6968.316251674117,0
2022-09-18,jumbo-exchange,0.7984036963286658,12590.206010180422,0
2022-09-19,jumbo-exchange,0.7545092140141761,6294.641782404459,0
2022-09-20,jumbo-exchange,0.7509344797723161,4616.723641314218,0
2022-09-21,jumbo-exchange,0.7554307688539489,7349.176531158448,0
2022-09-22,jumbo-exchange,0.7349810467937118,5919.966793062534,0
2022-09-23,jumbo-exchange,0.740722375869587,10232.264698488609,0
2022-09-24,jumbo-exchange,0.7555858245988776,5894.372165639935,0
2022-09-25,jumbo-exchange,0.7268176016679341,3998.7756935882353,0
2022-09-26,jumbo-exchange,0.7249553536888312,6995.407353718465,0
2022-09-27,jumbo-exchange,0.7435927960782396,4107.836305717338,0
2022-09-28,jumbo-exchange,0.7182799775604052,4797.879443374591,0
2022-09-29,jumbo-exchange,0.7175465215144197,7574.5023774217625,0
2022-09-30,jumbo-exchange,0.7165055949632329,822839.229556887,0
2022-10-01,jumbo-exchange,0.7116249041298605,1416411.0389982539,0
2022-10-02,jumbo-exchange,0.7031450901766397,1409544.4803000814,0
2022-10-03,jumbo-exchange,0.7057116675714418,1352173.5186436556,0
2022-10-04,jumbo-exchange,0.6953545026327165,1408777.291448724,0
2022-10-05,jumbo-exchange,0.7763897620152603,1425148.107082268,0
2022-10-06,jumbo-exchange,0.7735153048832049,1293267.037680583,0
2022-10-07,jumbo-exchange,0.784470487592005,364978.5290071404,0
2022-10-08,jumbo-exchange,0.7363824360737603,400749.7369318626,0
2022-10-09,jumbo-exchange,0.6984760381889593,1390987.4299502193,0
2022-10-10,jumbo-exchange,0.7003417298164565,1349858.957609224,0
2022-10-11,jumbo-exchange,0.6943086477780602,1384718.7671830643,0
2022-10-12,jumbo-exchange,0.6747755052986647,1224072.3573854377,0
2022-10-13,jumbo-exchange,0.6656833661620879,1260855.0942819212,0
2022-10-14,jumbo-exchange,0.6738477164054093,1036005.0202688478,0
2022-10-15,jumbo-exchange,0.6431561930809526,1327388.1292703268,0
2022-10-16,jumbo-exchange,0.6319407245231565,1362993.5510113165,0
2022-10-17,jumbo-exchange,0.652052050093257,1249275.9699551198,0
2022-10-18,jumbo-exchange,0.6537381068757558,926724.3658082716,0
2022-10-19,jumbo-exchange,0.6580397940997808,1608844.779474954,0
2022-10-20,jumbo-exchange,0.6299194092998033,1198413.6521557376,0
2022-10-21,jumbo-exchange,0.6302150021594431,971664.9926586278,0
2022-10-22,jumbo-exchange,0.6286283681623667,462848.1040369767,0
2022-10-23,jumbo-exchange,0.628807962588882,1376458.0673497005,0
2022-10-24,jumbo-exchange,0.6464824465063838,1451220.9402109194,0
2022-10-25,jumbo-exchange,0.647031954885745,904108.8000279448,0
2022-10-26,jumbo-exchange,0.6500567703677269,1181148.0797255891,0
2022-10-27,jumbo-exchange,0.6391702936755143,386740.1078290292,0
2022-10-28,jumbo-exchange,0.6251088916005157,1412260.7657653126,0
2022-10-29,jumbo-exchange,0.6003309831052716,1403251.3980126565,0
2022-10-30,jumbo-exchange,0.6178880811184696,1145625.0447192742,0
2022-10-31,jumbo-exchange,0.6163043946839712,1045969.0952077616,0
2022-11-01,jumbo-exchange,0.6082253266502716,387880.97413125803,0
2022-11-02,jumbo-exchange,0.6091737341490756,293389.3153877543,0
2022-11-03,jumbo-exchange,0.5751812305967711,427668.2782155761,0
2022-11-04,jumbo-exchange,0.5853278040337717,181722.5125916579,0
2022-11-05,jumbo-exchange,0.6054023756975558,184762.4953916524,0
2022-11-06,jumbo-exchange,0.590792018369404,190846.92141890258,0
2022-11-07,jumbo-exchange,0.5641894865907072,298143.8806366854,0
2022-11-08,jumbo-exchange,0.5768379812123559,251234.31890088157,0
2022-11-09,jumbo-exchange,0.5004879208983654,224030.99142612974,0
2022-11-10,jumbo-exchange,0.3691897457923803,177630.32564109124,0
2022-11-11,jumbo-exchange,0.345379567747567,152773.28497146026,0
2022-11-12,jumbo-exchange,0.3238549527484151,170980.62847197257,0
2022-11-13,jumbo-exchange,0.3324464444517397,165085.73217634147,0
2022-11-14,jumbo-exchange,0.31685449092080176,171705.43128662193,0
2022-11-15,jumbo-exchange,0.312932929770325,167791.64775134952,0
2022-11-16,jumbo-exchange,0.3331349929162936,172930.7223515142,0
2022-11-17,jumbo-exchange,0.3143103225313257,174060.37831035221,0
2022-11-18,jumbo-exchange,0.318358705504438,162370.43112460774,0
2022-11-19,jumbo-exchange,0.3100261002643298,170272.45348940385,0
2022-11-20,jumbo-exchange,0.2987753056599546,175099.147496189,0
2022-11-21,jumbo-exchange,0.2531173530530152,172059.12551101344,0
2022-11-22,jumbo-exchange,0.26451895649074997,172181.696630358,0
