DATE,DEX,TOKEN_IN,AMOUNT,TRADERS
2022-07-01,ref,USN,7998.15,11
2022-11-06,ref,USDT,184617.62,16
2021-09-05,ref,USDC,500.7,36
2022-04-19,ref,USDT,913054.51,61
2022-06-09,ref,DAI,1552.85,4
2022-08-14,ref,DAI,1356.24,9
2021-10-16,ref,USDT,225130.99,125
2022-04-28,ref,USDC,378457.97,18
2022-08-16,jumbo,USDT,26.4,5
2022-01-24,ref,USDT,535589.45,42
2022-07-25,ref,USDC,157707.29,13
2022-06-13,ref,DAI,28399.95,11
2022-08-29,ref,USDC,197224.32,12
2021-11-19,ref,USDC,4301.98,24
2022-03-19,ref,USDT,179877.69,19
2022-03-20,ref,USDC,34489.26,19
2022-01-11,ref,USDC,2383.27,19
2022-03-01,jumbo,USDT,103.75,3
2022-05-03,ref,USN,598.33,3
2022-07-09,ref,USN,2853.21,6
2022-08-15,ref,USDC,190686.57,12
2022-05-19,ref,USN,2889,20
2022-02-02,ref,USDC,1426.94,9
2022-08-02,ref,DAI,3460.88,7
2022-04-12,ref,USDC,232843.63,7
2021-12-13,ref,DAI,144591.08,15
2022-07-21,jumbo,USDT,123.66,3
2022-05-12,ref,DAI,97091.51,15
2022-07-28,jumbo,USDT,0.26,1
2022-07-31,ref,USN,6329.8,6
2022-08-27,ref,DAI,252.5,7
2021-12-02,ref,USDC,2453.64,10
2022-07-31,jumbo,USDC,0.08,1
2022-10-06,ref,USDT,89088.65,13
2022-03-03,ref,USDT,420590.36,27
2021-10-10,ref,USDT,154929.43,174
2022-06-28,ref,USDC,118586.48,10
2022-09-01,ref,USDT,265661.46,20
2022-01-24,ref,USDC,2182.93,13
2021-10-17,ref,DAI,88560.76,75
2022-02-01,ref,DAI,146002.93,21
2022-02-09,ref,USDC,4269.59,13
2022-10-28,ref,USN,1560.86,9
2022-10-14,ref,USN,2233.67,8
2022-09-13,ref,USN,18979.57,8
2022-05-07,ref,DAI,6427.05,10
2022-11-17,ref,USDT,67059.49,14
2022-07-07,ref,USN,4718.31,6
2022-03-30,ref,USDC,203167.94,9
2022-10-02,ref,USDC,27742.35,10
2022-10-21,ref,USDT,219554.79,14
2022-01-20,ref,USDC,30477.81,22
2022-10-07,ref,USDC,36734.38,11
2022-11-02,ref,USN,1304.8,12
2022-07-03,ref,USDT,255996.42,17
2022-01-01,ref,USDC,229375.61,24
2022-10-06,ref,DAI,330.19,9
2022-10-09,ref,USN,381.05,9
2022-08-25,ref,USDT,264278.54,14
2022-09-21,ref,USDC,259218.03,12
2022-10-24,ref,DAI,836.76,7
2022-11-07,ref,USDT,174482.25,11
2022-09-12,jumbo,USDT,9.22,3
2022-04-15,jumbo,USDC,1.39,1
2022-08-16,jumbo,USDC,0.07,1
2022-07-16,ref,DAI,3158.4,4
2022-02-23,ref,USDT,366423.34,21
2021-10-05,ref,USDC,15907.77,360
2021-10-29,ref,DAI,129549.87,101
2021-12-18,ref,DAI,27262.13,19
2021-10-19,ref,USDT,137626.95,187
2022-05-01,ref,DAI,135045.45,12
2021-12-01,ref,DAI,62072.97,14
2022-05-05,ref,USN,537.96,4
2021-11-14,ref,DAI,287214.52,31
2022-04-02,ref,USDT,208612.57,38
2022-02-10,ref,DAI,123767.93,20
2022-05-15,ref,USN,2007.89,18
2021-09-03,ref,USDT,237134.22,95
2022-05-26,ref,USN,2055.42,20
2022-06-27,ref,DAI,4199.93,8
2022-04-22,ref,USDC,438773.87,10
2022-07-14,ref,USN,2567.71,7
2022-05-08,ref,USDT,1832669.14,30
2021-12-19,ref,USDT,247670.39,26
2022-05-21,ref,USDC,109897.22,9
2022-08-05,jumbo,USDT,13.22,4
2022-04-26,jumbo,USDT,14.04,2
2022-04-30,ref,USN,1348.71,4
2022-06-25,jumbo,USDT,537.48,3
2022-10-19,ref,USDC,86734.26,12
2022-03-10,ref,USDC,365618.56,6
2022-11-19,ref,USDC,35610.93,7
2022-04-24,jumbo,USDC,0.8,1
2022-07-06,ref,USN,1921.87,7
2021-10-08,ref,USDC,4508.61,137
2022-08-14,ref,USN,5066.42,14
2022-10-29,ref,USDC,108302.62,8
2022-04-30,ref,USDT,2016353.66,53
2021-11-18,ref,USDT,640709.52,135
2021-12-01,ref,USDT,215558.51,43
2021-10-10,ref,USDC,3850.52,121
2021-09-12,ref,DAI,322000.93,50
2021-12-29,ref,USDT,468129.61,70
2022-11-11,ref,USN,10744.16,15
2021-10-23,ref,USDT,157085.46,176
2021-11-11,ref,USDT,686588.36,98
2022-06-03,ref,DAI,3548.44,8
2021-09-24,ref,USDT,835114.89,100
2022-04-01,ref,USDC,164799.3,8
2022-05-17,ref,USDC,261295.38,10
2022-04-07,ref,USDT,253459.1,21
2022-07-15,ref,USDT,310436.11,15
2022-07-27,ref,USDT,567955.97,18
2022-04-12,ref,DAI,22913.66,9
2022-10-22,ref,DAI,73.41,4
2022-11-01,ref,DAI,297.93,7
2022-08-17,ref,DAI,1439.03,7
2022-08-29,ref,DAI,1714.84,7
2022-09-08,ref,USDC,287695.52,11
2022-01-06,ref,DAI,203872.61,34
2022-10-21,ref,USN,877.92,9
2021-12-31,ref,DAI,81973.35,23
2022-03-21,ref,USDT,7292.58,19
2021-11-15,ref,USDT,178065.51,55
2021-09-17,ref,USDC,1072.53,19
2021-11-22,ref,USDT,370945.65,91
2022-04-29,ref,USDC,290023.08,5
2022-08-26,ref,USDC,230950.88,8
2021-10-03,ref,USDC,5666.17,112
2021-09-08,ref,USDT,2160042.61,117
2021-11-07,ref,USDC,2521.42,40
2022-09-08,ref,DAI,2154.67,6
2022-08-03,ref,USN,6467.27,9
2021-12-02,ref,DAI,121942.33,21
2021-09-29,ref,DAI,258587.23,84
2022-07-25,ref,DAI,2376.28,9
2022-02-26,ref,USDC,215117.75,14
2022-09-14,ref,USDC,239615.13,14
2022-10-01,ref,USDC,26221.43,10
2022-05-16,ref,USDT,277794.2,35
2022-10-03,jumbo,USDT,0.2,1
2022-10-14,ref,USDC,118708.99,12
2022-09-12,ref,USN,13920.97,8
2022-07-30,jumbo,USDC,15.85,2
2022-11-09,jumbo,USDT,7.54,2
2021-12-01,ref,USDC,232.32,7
2022-11-16,jumbo,USDT,0.19,1
2022-05-07,jumbo,USDT,9.16,3
2022-09-11,jumbo,USDT,0.02,1
2022-09-23,jumbo,USDC,0,1
2022-04-04,jumbo,USDC,1.59,1
2022-08-12,ref,USDT,699046.22,22
2021-09-15,ref,DAI,313240.68,62
2021-10-09,ref,DAI,128625.06,171
2021-10-12,ref,USDC,12276.52,91
2022-09-23,ref,USDT,519213.88,27
2022-06-12,ref,USDT,1469653.64,31
2021-10-18,ref,USDT,151789.35,194
2021-11-12,ref,USDT,407889.51,84
2022-05-16,ref,USN,1658.63,27
2022-06-30,ref,USN,4168.07,9
2021-12-30,ref,DAI,145696.11,26
2021-11-27,ref,DAI,77621.35,13
2022-02-15,ref,USDC,8591.11,15
2021-10-18,ref,USDC,1628.57,53
2022-07-21,ref,USN,4353.76,7
2022-05-26,ref,USDC,77015.15,9
2022-07-31,ref,DAI,5909.46,6
2022-07-24,ref,DAI,2766.6,5
2022-10-31,ref,USN,2468.47,9
2022-07-08,ref,USDT,400136.86,26
2022-08-04,ref,USDC,285922.73,20
2022-05-14,ref,USDC,350571.63,12
2021-09-27,ref,USDT,157592.71,101
2021-10-03,ref,DAI,282291.53,138
2022-04-26,ref,USDT,713728.64,64
2022-05-12,ref,USDT,2405427.45,75
2022-04-04,ref,USDT,480335.95,31
2022-04-11,ref,USDT,459533.51,30
2022-11-10,ref,DAI,6768.12,7
2022-10-17,ref,DAI,159.87,5
2021-12-27,ref,DAI,186541.27,34
2022-06-19,ref,DAI,6060.74,6
2021-11-10,ref,DAI,478026.92,26
2022-07-30,ref,USDC,361854.06,15
2022-07-21,ref,USDC,304141.84,14
2022-10-20,ref,DAI,680.26,8
2022-02-11,ref,USDC,2094.7,12
2022-06-28,ref,DAI,3634.85,9
2022-07-09,ref,USDC,276696.01,11
2022-08-17,ref,USN,4739.61,8
2022-05-27,jumbo,USDT,381.66,4
2022-07-30,ref,DAI,3246.97,3
2022-09-06,jumbo,USDT,0.2,1
2022-07-08,jumbo,USDC,0.19,1
2022-05-11,jumbo,USDT,23.13,3
2022-09-21,jumbo,USDT,0.15,1
2022-08-22,ref,USN,3881.16,3
2022-08-10,jumbo,USDT,1.19,1
2022-08-13,jumbo,USDC,0.22,1
2021-11-06,ref,DAI,106979.74,44
2022-01-21,ref,USDT,898774.64,84
2021-10-09,ref,USDT,147569.96,219
2022-02-04,ref,DAI,130068.2,11
2022-06-02,ref,USN,1938.69,15
2022-08-08,ref,USDT,969030.53,23
2021-12-22,ref,DAI,434765.13,34
2022-10-19,ref,USDT,176554.29,18
2021-09-19,ref,DAI,423909.57,53
2022-11-03,ref,USDT,342251.97,15
2022-09-01,ref,USDC,128741.44,12
2022-01-24,ref,DAI,278966.43,21
2022-06-25,ref,USN,6488.99,11
2022-05-31,ref,USDT,522432.27,34
2022-09-16,ref,USDC,126396.37,15
2022-03-30,ref,DAI,12059.65,4
2021-11-24,ref,DAI,100348.24,14
2022-09-06,ref,DAI,3425.4,8
2022-09-02,ref,DAI,849.07,6
2022-04-11,ref,USDC,322104.43,10
2022-08-09,ref,USN,8551.65,9
2022-04-21,jumbo,USDC,7.61,1
2022-11-02,ref,USDC,160757.26,13
2022-08-28,jumbo,USDT,0.17,1
2022-06-20,ref,USN,5471.4,9
2022-10-06,jumbo,USN,0.12,1
2022-07-04,ref,DAI,2079.3,4
2022-07-14,jumbo,USDT,161.66,3
2022-07-09,ref,DAI,2617.84,4
2022-05-30,jumbo,USDT,156.93,3
2022-10-13,ref,USN,7991.83,10
2022-01-12,ref,USDT,607847.03,54
2022-02-22,ref,USDT,330415,31
2021-10-22,ref,USDT,380349.41,126
2021-12-20,ref,USDT,145354.87,57
2022-01-17,ref,USDC,8694.44,31
2021-10-23,ref,DAI,132078.9,63
2021-11-15,ref,DAI,362552.94,37
2021-12-24,ref,USDC,15333.63,35
2021-09-08,ref,DAI,1331961.35,142
2021-10-30,ref,USDT,190510.7,168
2021-10-03,ref,USDT,282693.61,199
2021-11-11,ref,USDC,20242.5,39
2021-11-14,ref,USDT,391346.98,70
2021-10-13,ref,USDT,114486.22,107
2022-01-10,ref,DAI,288739.43,36
2022-05-24,ref,USDT,314436.65,26
2022-04-03,ref,USDC,390477.98,12
2022-04-01,ref,DAI,11332.58,7
2022-10-21,ref,DAI,414.3,6
2021-10-22,ref,DAI,199138.6,52
2021-11-10,ref,USDC,9710.82,27
2022-08-06,ref,USN,8115.85,7
2022-11-01,ref,USN,723.77,9
2022-11-05,ref,USN,1146.99,7
2022-05-03,ref,USDC,233184.08,10
2021-12-26,ref,USDT,485765.47,49
2022-09-09,ref,DAI,1542.49,6
2022-03-29,ref,USDC,199479.49,9
2022-06-09,ref,USN,619.68,11
2022-08-02,jumbo,USDT,2.35,2
2022-03-03,jumbo,USDT,29.6,1
2022-03-22,jumbo,USDT,19.11,3
2022-04-29,jumbo,USDC,0.8,1
2022-05-22,ref,DAI,3079.4,8
2022-08-12,jumbo,USDT,0.36,1
2022-09-28,jumbo,USDT,8.24,1
2022-10-24,jumbo,USDT,0.59,2
2022-05-10,jumbo,USDT,1.86,1
2022-10-19,ref,USN,1929.66,13
2022-09-03,ref,USDT,52936.33,11
2021-11-01,ref,USDT,541091.57,136
2022-05-09,ref,USDT,6538532.35,51
2021-09-17,ref,DAI,179387.56,65
2022-05-20,ref,USDT,209267.46,24
2022-10-11,ref,USDC,98655,9
2022-03-24,ref,DAI,12286.07,16
2022-06-24,ref,USDT,2077804.41,22
2021-12-05,ref,DAI,156530.92,16
2022-07-24,ref,USDC,208484.4,11
2022-05-24,ref,USDC,117064.11,8
2022-06-04,ref,USDT,337019.59,21
2022-11-15,ref,USDC,119498.55,9
2021-12-27,ref,USDC,24920.64,22
2022-01-22,ref,DAI,563702.5,34
2022-05-06,ref,USN,630.45,6
2022-03-13,ref,USDT,99944.96,13
2022-05-06,ref,DAI,8730.62,11
2022-09-29,ref,USDC,134881.28,11
2022-11-13,ref,DAI,2270.13,8
2022-04-17,ref,DAI,9996.97,7
2022-08-07,ref,USN,6826.61,6
2022-06-11,ref,DAI,6935.31,9
2022-05-16,ref,DAI,10796.75,10
2022-06-02,ref,USDC,271168.82,8
2022-04-07,jumbo,USDT,26.15,3
2022-04-29,jumbo,USDT,4.28,2
2021-12-19,ref,USDC,338.91,6
2022-07-18,ref,USDC,501526.56,11
2022-10-08,ref,USDT,43156.08,21
2022-02-25,ref,USDC,403573.56,28
2022-08-18,ref,USDT,325035.94,15
2021-09-09,ref,USDT,1331601.81,128
2021-09-23,ref,USDC,5736.55,73
2022-03-02,ref,USDT,521170.91,27
2021-10-06,ref,DAI,203547.61,188
2021-12-17,ref,DAI,25527.62,19
2021-12-20,ref,USDC,2892.25,26
2022-11-15,ref,USDT,206395.05,15
2022-02-24,ref,USDT,594931.24,35
2021-09-04,ref,USDC,937.23,34
2021-11-29,ref,DAI,141155.34,115
2022-10-08,ref,USN,1480.91,7
2022-06-21,ref,USDC,392303.75,10
2022-04-02,ref,USDC,252220.11,10
2022-05-04,ref,USDC,236979.71,10
2022-11-12,ref,USN,5196.09,11
2022-09-28,ref,DAI,132.41,7
2022-06-03,ref,USN,1560.2,13
2022-11-02,ref,DAI,437.16,9
2022-02-12,ref,DAI,99345.42,14
2022-11-13,jumbo,USDT,25.65,3
2022-09-08,ref,USN,10609.37,5
2022-02-16,ref,USDT,99697.28,15
2022-07-16,ref,USDC,183965.43,8
2022-04-15,jumbo,USDT,4.36,2
2022-03-22,ref,USDC,127056.54,11
2022-10-15,ref,DAI,4,3
2022-08-31,ref,DAI,3520.28,6
2022-08-22,jumbo,USDT,0.76,2
2022-08-27,ref,USDT,187118.96,22
2022-03-08,ref,USDC,94215.35,4
2021-09-07,ref,USDT,1234387.29,89
2021-11-02,ref,USDT,316425.73,135
2021-09-25,ref,USDC,8213.75,43
2022-03-26,ref,DAI,11060.16,9
2022-03-15,ref,USDC,230960.48,5
2021-12-15,ref,DAI,211512.54,13
2022-07-26,ref,USN,4399.83,13
2022-09-18,ref,USN,5806.59,13
2022-06-14,ref,USDT,1819033.36,28
2022-05-03,ref,DAI,8275.74,6
2022-04-27,ref,USDC,258897.72,17
2022-07-12,ref,USN,2162.55,8
2022-09-11,jumbo,USDC,0,1
2022-06-20,ref,USDT,996341.57,29
2022-10-04,ref,USN,766.07,5
2022-06-22,ref,USN,2271.36,9
2022-11-18,jumbo,USDT,0.13,1
2022-05-26,ref,DAI,7722.83,12
2022-09-21,ref,DAI,2389.36,10
2022-07-15,ref,USDC,173368.49,14
2022-09-28,ref,USN,4254.66,7
2022-08-25,ref,DAI,1222.07,5
2022-03-12,ref,DAI,1548.4,2
2022-03-19,jumbo,USDT,184.48,3
2022-07-27,jumbo,USDT,0.3,1
2022-01-08,ref,USDT,400563.44,62
2022-07-19,ref,USN,11209.26,8
2022-03-01,ref,USDC,634799.18,38
2022-10-31,ref,USDC,111638.15,8
2022-08-01,ref,DAI,1545.72,6
2021-09-25,ref,USDT,440658.51,84
2022-08-05,ref,USN,18054.83,7
2022-09-26,ref,DAI,640.28,8
2021-10-25,ref,USDC,61955.74,69
2022-09-18,ref,USDT,149428.81,26
2022-06-10,ref,USDT,331681.38,30
2022-04-08,ref,USDT,1108514,41
2022-03-17,ref,USDT,170683.49,9
2021-09-04,ref,USDT,205725.91,89
2022-11-18,ref,USDT,48500.45,10
2021-12-10,ref,DAI,506278.49,24
2021-12-23,ref,USDT,1275549.61,65
2022-05-18,ref,USN,2015.41,22
2021-11-04,ref,DAI,265144.48,63
2022-03-28,ref,USDT,26589.93,23
2022-09-06,ref,USDT,448513.85,18
2022-07-12,ref,USDT,186030.51,15
2022-03-04,jumbo,USDT,13.03,3
2022-08-04,jumbo,USDT,0.53,2
2022-02-21,jumbo,USDT,105.56,2
2022-08-22,ref,DAI,1954.86,5
2022-01-13,ref,DAI,181261.03,28
2022-03-14,ref,DAI,5745.87,3
2021-09-15,ref,USDT,369301.54,87
2022-03-28,ref,DAI,2044.25,10
2021-12-25,ref,USDC,9258.46,51
2022-01-25,ref,USDC,12437.53,20
2022-06-17,ref,USDT,916665.17,18
2022-05-24,ref,USN,676.97,13
2022-01-02,ref,DAI,15841.04,30
2022-04-28,ref,DAI,6035.98,11
2021-11-27,ref,USDC,2062.96,12
2022-03-29,ref,USDT,111290.98,23
2022-08-10,ref,USN,12946.79,7
2022-02-27,ref,USDT,234783.72,24
2021-11-09,ref,USDC,3582.03,24
2022-08-09,ref,USDC,443895.65,12
2022-03-23,jumbo,USDT,20887.4,3
2022-01-13,ref,USDC,4521.84,17
2022-07-05,ref,USDC,143166.82,8
2022-03-18,ref,USDT,151949.03,20
2022-05-31,jumbo,USDT,405.83,4
2022-01-28,ref,DAI,87715.96,17
2022-11-21,ref,DAI,1542.49,10
2022-07-03,ref,USDC,100381.83,13
2022-08-11,ref,USDC,253139.93,8
2022-08-07,ref,USDT,471692.51,21
2022-01-08,ref,USDC,6902.73,19
2021-11-29,ref,USDC,1554.98,8
2022-07-23,ref,USN,8613.09,10
2022-07-19,jumbo,USDT,362.99,4
2022-11-18,ref,USN,558.33,9
2022-06-29,ref,DAI,3323.16,6
2022-10-09,ref,DAI,807.96,4
2022-08-03,ref,USDC,263259.18,13
2021-09-10,ref,USDT,785738.54,92
2022-05-22,ref,USDT,138557.54,17
2022-05-13,ref,USN,4206.35,29
2021-12-28,ref,USDC,7820.28,35
2022-11-10,ref,USDT,1320018.96,18
2022-02-25,ref,DAI,110430,17
2021-09-13,ref,USDT,457715.96,101
2022-02-13,ref,USDT,178441.25,19
2022-01-06,ref,USDC,5986.97,21
2022-11-17,ref,DAI,300.7,10
2022-03-01,ref,USDT,1068585.2,32
2022-06-15,ref,USDT,2170535.36,22
2022-07-04,ref,USDC,156503.83,10
2022-10-12,ref,USN,793.8,7
2022-03-27,ref,USDT,13167.92,18
2022-04-08,jumbo,USDT,174.37,4
2022-05-11,ref,USDC,3407155.98,17
2022-09-10,ref,USDT,330735.52,18
2022-08-28,ref,USDT,166809.94,10
2021-12-11,ref,USDC,5693.04,12
2022-09-22,ref,USN,6217.83,9
2022-05-31,ref,DAI,9700.51,10
2022-06-24,jumbo,USDT,178.32,3
2022-03-21,jumbo,USDT,6.73,2
2022-03-24,ref,USDC,137316.3,14
2021-11-04,ref,USDT,313481.19,120
2021-09-19,ref,USDT,819667.86,104
2022-07-26,ref,USDC,207382.63,16
2022-06-06,ref,USDC,202080.73,9
2022-06-12,ref,DAI,15082.3,8
2022-06-13,ref,USDC,1542019.11,16
2021-10-20,ref,DAI,144552.71,107
2022-08-24,ref,USDT,298195.92,13
2022-05-15,ref,USDT,754602.04,32
2021-09-26,ref,USDC,6388.41,63
2022-09-27,ref,USDT,403098.57,23
2022-06-24,ref,DAI,6938.8,7
2022-09-13,ref,USDT,626293.58,32
2022-01-31,ref,USDC,7330.15,12
2021-12-03,ref,USDC,2078.13,9
2022-05-17,ref,USN,2194.07,15
2022-08-04,ref,DAI,3642.07,9
2022-11-12,ref,USDC,167454.34,9
2022-06-14,ref,DAI,14771.33,8
2022-10-25,ref,USDC,138586.13,12
2022-07-01,ref,DAI,4826.37,6
2022-10-25,ref,USN,2656.03,7
2022-10-19,ref,DAI,1673.77,9
2022-10-22,ref,USN,518.27,5
2022-11-14,ref,USN,997.23,10
2022-06-19,ref,USN,7552.75,8
2022-06-16,jumbo,USDT,301.08,3
2022-11-04,jumbo,USDT,12.73,1
2022-02-09,ref,USDT,89349.14,22
2021-10-11,ref,USDT,133232.41,139
2021-09-20,ref,USDC,3258.27,30
2022-05-07,ref,USDT,177287.59,32
2022-05-18,ref,USDC,220367.51,9
2022-09-25,ref,USN,3027.45,16
2021-09-01,ref,USDC,2702.1,60
2022-08-20,ref,DAI,3906.59,6
2022-07-09,ref,USDT,503052,18
2022-02-26,ref,USDT,305291.8,19
2022-11-17,ref,USN,373.87,7
2022-03-06,ref,DAI,14806.09,23
2021-09-15,ref,USDC,1318.12,14
2022-04-18,ref,USDC,342742.03,11
2022-06-10,ref,USN,1991.12,16
2022-07-03,ref,USN,1400.48,8
2022-04-05,ref,USDT,393325.69,25
2022-08-05,ref,USDT,1279767.65,22
2022-05-27,ref,USDC,268638.15,12
2022-08-15,jumbo,USDT,0.92,2
2022-03-09,ref,DAI,42381.43,6
2022-09-30,ref,USN,1087.52,8
2022-11-04,ref,USDT,658618.63,12
2022-06-21,jumbo,USDT,278.6,4
2022-05-09,jumbo,USDT,15.97,3
2022-08-21,jumbo,USDT,4.03,3
2022-10-30,ref,USN,1540.61,8
2022-08-01,jumbo,USDT,0.15,1
2022-03-07,ref,USDC,236298.86,10
2021-10-14,ref,USDC,3846.8,57
2022-03-27,ref,USDC,42704.68,10
2022-06-21,ref,DAI,6509.63,8
2022-01-18,ref,DAI,162696.06,32
2022-07-25,ref,USDT,148719.03,25
2021-10-29,ref,USDT,185980.32,157
2021-09-24,ref,DAI,829351.34,69
2021-10-01,ref,USDC,4576.79,31
2021-10-19,ref,DAI,114719.89,110
2022-08-27,ref,USDC,87702.52,10
2021-09-06,ref,DAI,148383.85,68
2021-09-06,ref,USDT,164904.58,55
2022-01-10,ref,USDC,9771.23,18
2022-07-03,jumbo,USDT,30.41,3
2022-08-09,ref,USDT,1133880.01,31
2022-04-25,ref,DAI,21017.58,9
2022-08-26,ref,USDT,504021.09,29
2022-04-07,ref,DAI,24404.7,10
2022-01-31,ref,USDT,154355.58,33
2022-06-14,ref,USN,6920.61,18
2022-10-10,ref,DAI,552.3,7
2022-07-02,ref,USDT,280434.28,17
2022-09-11,ref,USN,8110.33,10
2022-10-08,ref,USDC,15338.21,7
2022-03-29,jumbo,USDT,13.56,2
2022-06-20,jumbo,USDT,221.15,3
2022-05-03,jumbo,USDT,3.58,2
2022-07-22,ref,USN,15222.15,8
2022-04-30,ref,DAI,30161.9,10
2022-04-25,jumbo,USDT,213.2,3
2022-10-08,ref,DAI,119.57,1
2022-04-05,jumbo,USDT,4.62,2
2022-01-11,ref,DAI,161019.2,27
2022-02-16,ref,USDC,2301.51,7
2021-12-05,ref,USDC,1920.12,11
2021-09-01,ref,DAI,12265.98,38
2022-05-10,ref,USDT,7620370.22,40
2022-01-19,ref,USDT,322859.5,50
2022-07-29,jumbo,USDT,0.19,1
2021-11-03,ref,USDC,11342.07,38
2022-04-15,ref,USDT,110458.31,26
2022-05-12,ref,USDC,1580217.32,22
2021-11-20,ref,DAI,172862.98,34
2022-02-01,ref,USDC,15227.45,12
2022-10-03,ref,USDT,113369.95,18
2021-11-25,ref,USDC,4483.47,12
2022-05-23,ref,USDC,137386.15,8
2021-10-24,ref,USDC,7946.82,50
2022-06-09,ref,USDT,206908.94,20
2022-04-06,ref,USDT,597800.59,39
2022-03-17,ref,DAI,13758.26,6
2021-09-02,ref,USDC,3027.09,95
2021-09-18,ref,USDC,3500.74,58
2022-01-23,ref,DAI,312364.88,21
2022-06-30,ref,USDT,446036.61,24
2022-06-15,ref,USDC,1094544.22,11
2022-07-26,ref,USDT,270721.91,21
2022-09-08,jumbo,USDT,0.17,2
2021-09-05,ref,DAI,81299.52,30
2022-06-24,ref,USN,6667.25,9
2022-07-02,ref,DAI,1153.37,4
2022-04-25,ref,USN,439.74,3
2022-08-18,jumbo,USDT,3.1,3
2022-06-03,ref,USDC,157305.3,12
2022-08-06,ref,DAI,1386.54,5
2022-10-27,ref,USN,2624.76,7
2022-06-04,ref,USDC,171592.1,13
2022-02-05,ref,USDC,1900.05,13
2022-07-27,ref,DAI,3150.77,6
2022-06-01,ref,USN,2989.71,12
2022-11-22,jumbo,USDT,15.73,1
2022-08-06,ref,USDC,169878.07,11
2022-10-05,ref,USN,3035.53,7
2022-07-17,jumbo,USDC,7.66,2
2022-07-01,ref,USDT,732123.54,20
2021-09-14,ref,DAI,363701.74,46
2022-06-22,ref,USDT,761946.6,26
2021-12-27,ref,USDT,309489.64,53
2021-09-25,ref,DAI,305432.24,76
2022-03-31,ref,USDT,68519.23,13
2022-02-24,jumbo,USDT,42.66,3
2022-03-01,ref,DAI,220309.3,35
2022-08-23,jumbo,USDT,0.11,1
2022-08-12,ref,USN,9267.28,9
2022-03-07,ref,DAI,11199.08,8
2022-05-30,ref,USDT,324369.1,26
2022-04-17,ref,USDT,288855.58,20
2021-11-21,ref,USDC,2697.24,10
2021-11-30,ref,USDC,859.92,8
2022-08-08,ref,USN,11938.29,10
2022-04-28,ref,USN,696.73,2
2022-07-01,jumbo,USDT,238.92,4
2021-11-26,ref,USDC,5828.85,10
2022-06-26,ref,DAI,5280.81,7
2022-11-06,ref,USN,617.49,10
2022-08-10,ref,DAI,6388.73,6
2022-05-15,ref,USDC,525978.6,9
2022-07-21,jumbo,USDC,0.2,1
2022-01-03,ref,USDT,510472.81,40
2022-07-24,ref,USN,18114.52,6
2022-05-20,ref,DAI,5610.53,5
2022-05-29,ref,USDT,222718.28,14
2021-10-27,ref,USDT,848977.43,426
2022-04-20,ref,USDC,417820.1,15
2022-11-10,ref,USDC,550823.59,11
2022-08-17,ref,USDT,325644.34,25
2022-11-22,ref,USN,377.82,7
2022-08-31,ref,USDC,289615.75,12
2022-04-16,ref,DAI,2254.14,6
2022-07-18,jumbo,USDT,280.42,4
2022-05-17,ref,USDT,389961.76,24
2022-08-11,ref,USN,5101.62,7
2022-04-22,ref,DAI,12928.3,9
2022-10-16,ref,USDT,116172.09,14
2022-11-01,ref,USDC,41827.94,11
2022-07-06,jumbo,USDT,16.08,2
2022-04-10,ref,DAI,13296.37,12
2022-08-30,jumbo,USDT,1.15,2
2022-07-20,ref,USDC,353699.08,13
2022-08-19,ref,DAI,7862.88,9
2022-10-30,ref,USDC,258153.54,10
2021-09-13,ref,USDC,1111.04,23
2022-10-22,ref,USDT,92989.72,12
2022-03-25,ref,USDC,56836.32,7
2022-11-19,ref,DAI,491.78,5
2022-05-02,ref,USN,1290.97,4
2022-08-16,ref,USDC,116789.76,10
2022-03-12,ref,USDC,116827.06,6
2022-04-18,ref,USN,0,1
2022-05-23,jumbo,USDT,0.62,1
2022-06-03,ref,USDT,391933,26
2022-06-21,ref,USN,3306.95,6
2022-10-17,ref,USDT,72381.53,18
2022-05-10,ref,USN,5402.46,31
2022-02-19,ref,USDC,188613.09,30
2022-08-08,ref,DAI,5408.5,6
2022-08-06,ref,USDT,258564.74,13
2022-11-05,ref,DAI,626.84,7
2022-10-05,ref,USDT,220158.46,23
2022-02-20,ref,USDC,236351.55,20
2021-11-05,ref,USDC,2886.82,23
2022-09-29,ref,USN,124419.48,16
2022-07-11,ref,USDC,476480.21,14
2021-11-30,ref,DAI,330620.07,25
2022-06-01,ref,DAI,8116.05,11
2022-07-03,ref,DAI,1192.91,5
2022-05-28,ref,DAI,4017.87,6
2022-06-17,ref,USN,3004.17,11
2022-03-21,ref,USDC,43631.06,7
2022-07-31,jumbo,USDT,0.23,2
2022-03-02,jumbo,USDC,1,1
2022-10-05,ref,USDC,135045.62,13
2022-11-15,ref,DAI,1336.18,6
2021-12-06,ref,DAI,267452.21,16
2022-11-20,ref,USDT,109338.97,20
2022-04-03,ref,DAI,39457.84,11
2021-10-11,ref,DAI,130356.92,68
2022-09-26,ref,USDC,106197.67,14
2022-05-25,ref,USN,523.28,16
2021-10-27,ref,DAI,312521.94,112
2021-11-12,ref,DAI,353527.46,30
2021-09-30,ref,DAI,210377.41,81
2022-07-01,ref,USDC,278708.44,13
2022-10-07,ref,DAI,82.08,4
2022-08-03,ref,DAI,2440.64,8
2022-10-13,ref,USDT,856781.35,24
2022-08-22,ref,USDC,200937.89,9
2022-07-10,ref,DAI,687.06,5
2022-01-14,ref,USDT,482134.37,52
2021-12-28,ref,DAI,129602.36,40
2021-10-02,ref,USDT,292046.8,125
2022-08-21,ref,USDC,202688.01,11
2022-06-05,ref,USN,2872.71,18
2022-05-14,ref,USDT,602902.25,33
2022-07-15,ref,DAI,2453.4,6
2022-11-18,ref,USDC,36302.12,9
2022-10-31,jumbo,USDT,112.31,3
2022-05-21,ref,USN,576.24,13
2022-11-12,ref,USDT,297883.31,15
2022-05-08,ref,DAI,34941.53,7
2022-09-20,ref,DAI,1000.62,12
2022-06-05,ref,USDT,253874.5,15
2022-11-21,ref,USN,1043.31,11
2022-01-16,ref,USDT,305686.61,45
2022-02-07,ref,USDT,279925.09,44
2021-10-14,ref,USDT,305783.19,156
2022-01-09,ref,USDT,208049.47,49
2022-04-22,ref,USDT,348596.22,49
2022-01-12,ref,DAI,141268.02,28
2022-08-03,jumbo,USDT,44.5,6
2021-12-21,ref,USDT,195323.14,66
2021-09-27,ref,DAI,140226.59,73
2022-09-14,ref,USDT,343446.21,23
2022-10-01,ref,DAI,282.74,6
2022-03-16,ref,USDT,220619.54,14
2022-08-01,ref,USDT,250162.89,37
2022-02-03,ref,USDT,117918.76,31
2022-05-28,ref,USN,1344.33,17
2022-11-13,ref,USDC,241783.26,8
2022-09-29,ref,USDT,352116.55,21
2022-10-30,ref,DAI,494.41,6
2022-07-07,ref,USDC,321231.4,12
2022-07-29,ref,USDT,802893.07,26
2022-06-28,jumbo,USDT,191.63,3
2022-05-06,jumbo,USDC,0.7,1
2022-05-15,jumbo,USDC,0.47,1
2022-07-22,jumbo,USDT,416.38,4
2022-03-16,ref,DAI,5370.34,4
2022-04-03,jumbo,USDT,7.31,2
2022-01-29,ref,USDC,2335.57,9
2021-12-30,ref,USDT,317704.23,42
2022-01-05,ref,USDT,1283529.52,60
2022-02-27,ref,DAI,155989.85,15
2021-09-22,ref,USDT,896445.36,95
2022-04-25,ref,USDC,879941.54,24
2021-10-17,ref,USDC,2413.02,69
2022-09-04,ref,USDT,104869.43,10
2022-09-08,ref,USDT,592185.85,20
2022-02-07,ref,DAI,192888.42,32
2022-03-14,ref,USDC,282163.84,6
2022-04-21,ref,USDT,578660.84,40
2022-02-14,ref,USDC,9788.31,11
2022-06-02,ref,USDT,654125.8,15
2021-11-11,ref,DAI,665301.01,40
2022-04-13,ref,USDT,288013.45,35
2022-04-01,ref,USDT,116610.45,20
2022-07-08,ref,DAI,2842.9,8
2022-07-11,ref,DAI,7438.49,7
2022-05-17,ref,DAI,11250.95,6
2022-06-08,jumbo,USDT,226.21,4
2022-06-23,ref,USN,1612.7,4
2022-03-18,ref,DAI,4832.38,6
2022-07-28,ref,USDC,442816.46,11
2022-09-25,jumbo,USDT,0.01,1
2022-10-23,ref,DAI,227.36,4
2022-11-16,ref,DAI,1506.66,6
2022-03-07,jumbo,USDT,35.14,2
2022-09-09,jumbo,USDT,0.19,1
2022-10-26,ref,USN,1333.93,8
2022-10-16,jumbo,USDT,0.59,1
2022-09-04,jumbo,USDT,0.04,1
2022-02-04,ref,USDT,246735.15,29
2021-10-15,ref,USDT,251199.26,134
2022-05-13,ref,DAI,97645.16,10
2022-11-20,ref,USN,305.4,12
2021-11-04,ref,USDC,2418.98,22
2022-07-16,jumbo,USDT,97.48,3
2021-12-22,ref,USDC,4422.31,25
2022-07-07,ref,DAI,3707.08,7
2022-07-19,ref,USDT,1590709.01,25
2022-10-28,ref,USDT,329133.04,15
2022-03-24,ref,USDT,152142.16,46
2022-08-25,ref,USN,3327.12,7
2022-10-11,ref,USN,1540.49,11
2022-05-14,ref,USN,1697.68,19
2022-06-18,ref,DAI,7738.29,10
2022-05-22,ref,USDC,80586.96,9
2022-01-30,ref,USDT,62826.61,21
2022-02-16,ref,DAI,41216.37,9
2022-03-11,ref,USDT,202617.82,36
2022-08-23,ref,USDC,304848.59,10
2021-11-08,ref,USDC,1244.17,12
2022-11-10,ref,USN,1857.58,7
2022-05-05,ref,DAI,10820.23,14
2022-09-23,ref,DAI,556.74,10
2022-08-26,ref,DAI,3730.53,7
2022-10-17,ref,USDC,30780.86,9
2021-12-16,ref,USDC,536.75,6
2022-11-21,jumbo,USDT,0.95,2
2022-02-27,jumbo,USDT,7.48,1
2022-07-21,ref,DAI,3421.47,5
2022-05-10,jumbo,USDC,0.61,1
2022-08-03,jumbo,USDC,0,1
2021-11-08,ref,DAI,213816.61,52
2021-09-11,ref,DAI,264815.32,99
2022-03-23,ref,USDT,140832,27
2022-08-03,ref,USDT,474687.73,21
2021-12-25,ref,USDT,597900.48,109
2022-09-06,ref,USDC,218075.11,14
2021-12-08,ref,USDC,3993.83,7
2022-11-03,ref,USDC,173135.82,11
2022-01-03,ref,DAI,111496.04,21
2022-06-27,ref,USN,2543.82,9
2022-08-19,ref,USDT,1534032.68,29
2022-07-28,ref,USDT,798953.88,14
2022-04-08,ref,DAI,68431.43,14
2022-11-09,ref,USN,21220.25,14
2022-04-07,jumbo,USDC,1.46,1
2022-11-09,ref,USDC,669891.9,13
2022-05-01,ref,USN,1677.18,4
2022-05-21,ref,USDT,224482.1,19
2022-09-02,ref,USDC,86319.72,12
2022-04-18,jumbo,USDT,6.13,2
2022-01-02,ref,USDC,2483.22,31
2022-11-21,ref,USDT,388332.62,25
2021-12-15,ref,USDT,649501.41,27
2022-05-11,ref,USN,9318.45,54
2021-10-25,ref,DAI,842167.87,90
2021-11-19,ref,USDT,645704.38,121
2022-04-14,jumbo,USDT,156.76,4
2021-12-16,ref,USDT,186706.06,27
2022-11-11,ref,USDC,297536.9,9
2022-01-14,ref,USDC,4115.25,15
2021-09-04,ref,DAI,99034.84,30
2022-05-03,ref,USDT,358539.34,23
2022-09-04,ref,USDC,49160.45,9
2022-03-25,ref,DAI,6558.84,8
2022-09-07,ref,DAI,415.7,7
2022-05-04,ref,DAI,12010.02,11
2022-04-09,ref,USDC,264668.84,8
2022-08-20,ref,USN,8826.89,7
2022-07-29,ref,DAI,4853.55,8
2022-04-26,ref,USDC,718978.51,13
2022-10-13,ref,DAI,3229.9,10
2022-04-15,ref,USDC,129085.36,6
2021-12-10,ref,USDC,761.97,8
2022-05-26,jumbo,USDT,271.51,4
2022-09-01,ref,DAI,1500.23,4
2022-07-10,jumbo,USDT,95.5,3
2022-09-05,ref,DAI,734.67,4
2022-04-24,jumbo,USDT,12.29,3
2022-09-02,jumbo,USDC,0,1
2022-03-23,ref,DAI,14952.89,3
2022-09-23,jumbo,USDT,0.09,1
2022-09-14,jumbo,USDT,0.21,1
2021-09-13,ref,DAI,414519.99,54
2022-04-19,ref,DAI,36038.51,11
2022-05-18,ref,USDT,318819.28,34
2021-11-28,ref,USDC,1232.69,8
2022-03-10,jumbo,USDT,33.82,2
2022-06-18,ref,USN,9520.24,15
2021-12-26,ref,USDC,16408.17,29
2022-04-08,ref,USDC,803868.83,14
2021-12-26,ref,DAI,151077.07,28
2022-07-02,jumbo,USDT,193.13,3
2022-02-20,ref,USDT,291946.37,23
2022-04-24,ref,USDC,69418.69,9
2022-06-18,ref,USDC,652975.12,11
2022-04-04,ref,USDC,510921.55,12
2022-03-17,ref,USDC,304352.99,6
2022-01-19,ref,USDC,4551.48,18
2021-12-14,ref,USDC,2640.68,11
2022-01-22,ref,USDC,14055.71,18
2022-02-23,jumbo,USDT,5.52,1
2022-04-07,ref,USDC,330508.07,10
2022-10-20,ref,USN,3122.89,7
2021-12-03,ref,DAI,385298.97,12
2022-04-23,ref,DAI,5193.83,11
2022-03-30,jumbo,USDT,1.13,1
2022-03-17,jumbo,USDT,2.99,1
2022-02-19,ref,USDT,353696.33,31
2022-08-09,ref,DAI,6176.01,6
2021-10-30,ref,DAI,15887.51,112
2022-10-04,ref,USDC,54394.32,11
2022-08-04,ref,USDT,514367.11,26
2022-02-28,ref,USDT,422514.49,24
2022-02-21,ref,USDC,374400.2,19
2022-06-21,jumbo,USDC,0.19,1
2021-12-24,ref,USDT,1069869.5,83
2021-09-16,ref,USDC,2259.19,22
2022-02-01,ref,USDT,219007.08,29
2021-11-26,ref,DAI,72932.99,24
2022-05-24,jumbo,USDT,0.8,1
2022-04-20,ref,USDT,432278.02,30
2022-04-23,ref,USDC,244617.27,14
2022-08-30,ref,DAI,3938.85,7
2022-07-06,ref,USDT,432477.2,15
2022-02-09,ref,DAI,88388.4,19
2021-11-18,ref,USDC,5118.84,24
2022-05-19,ref,USDC,213074.09,12
2022-11-12,jumbo,USDT,0.37,2
2022-02-23,ref,USDC,390592.95,16
2022-04-22,jumbo,USDT,25.06,3
2022-06-29,jumbo,USDT,323.49,4
2022-06-05,ref,DAI,2182.65,5
2022-08-26,jumbo,USDT,0.16,2
2022-06-10,jumbo,USDT,416.51,3
2022-07-06,ref,DAI,3237.7,4
2022-04-02,jumbo,USDT,33.46,3
2022-09-13,ref,DAI,3569.51,7
2022-10-02,ref,USDT,40069.67,22
2022-07-17,ref,USDC,276178.54,9
2021-10-12,ref,DAI,153478.15,82
2022-06-17,ref,USDC,468458.89,11
2021-09-26,ref,DAI,412895.36,90
2022-06-12,jumbo,USDT,667.57,4
2021-09-01,ref,USDT,56788.39,124
2021-12-23,ref,DAI,864566.8,37
2022-09-04,ref,USN,978.14,5
2022-01-01,ref,DAI,113732.65,25
2022-01-01,ref,USDT,95501.88,37
2022-10-10,ref,USDT,115430.12,21
2022-03-03,ref,DAI,208962.19,16
2022-01-04,ref,DAI,217702.53,34
2022-06-09,ref,USDC,85391.97,12
2022-07-30,ref,USDT,428467.95,22
2022-08-26,ref,USN,20629.83,9
2022-05-19,ref,USDT,315466.54,31
2022-02-19,jumbo,USDT,1458.73,2
2022-08-15,ref,DAI,2614.8,7
2022-06-23,ref,DAI,5336.54,6
2022-06-13,jumbo,USDT,1510.1,5
2022-05-29,ref,USN,547.84,5
2021-09-10,ref,DAI,616021.93,139
2022-06-28,ref,USN,2556.12,9
2021-10-06,ref,USDT,216203.58,298
2022-02-14,ref,DAI,66269.58,15
2022-01-05,ref,USDC,37610.32,26
2022-01-17,ref,DAI,123786.46,31
2022-10-15,ref,USN,770.06,6
2022-07-05,jumbo,USDT,159.1,3
2021-09-05,ref,USDT,136062.13,71
2022-10-20,ref,USDC,89904.96,10
2022-11-06,ref,USDC,85324.89,11
2022-11-08,ref,USDC,622652.99,15
2022-11-10,jumbo,USDT,0.81,2
2022-10-31,ref,DAI,112.85,5
2022-06-19,jumbo,USDT,231.09,3
2022-07-23,ref,DAI,2000.94,6
2022-04-12,jumbo,USDT,1.49,1
2022-02-02,ref,USDT,316947.09,31
2022-02-12,ref,USDT,125237.79,28
2021-12-31,ref,USDT,351667.55,41
2021-12-06,ref,USDC,1279.11,10
2021-10-19,ref,USDC,5205.45,91
2022-05-28,ref,USDC,145186.4,10
2022-05-13,ref,USDC,2043275.48,14
2022-06-08,ref,USN,467.08,11
2022-03-07,ref,USDT,254031.64,17
2022-02-15,ref,USDT,145650.24,28
2022-05-11,ref,DAI,176403.5,17
2022-01-22,ref,USDT,840914.73,66
2021-11-24,ref,USDC,5974.53,12
2021-09-14,ref,USDC,2333.5,18
2021-11-24,ref,USDT,389428.64,45
2022-05-09,ref,USDC,3669225.38,18
2022-06-10,ref,USDC,107429.62,12
2022-04-24,ref,USDT,53508.38,25
2022-07-17,ref,USN,2481.37,5
2022-02-06,ref,USDT,199190.87,23
2022-02-11,ref,USDT,87712.76,17
2022-06-25,ref,USDC,595919.94,11
2022-02-13,ref,DAI,153519.07,12
2022-07-05,ref,DAI,2829.86,10
2022-07-13,jumbo,USDT,917.47,4
2022-09-04,ref,DAI,425.31,3
2022-03-27,jumbo,USDT,4.93,2
2022-05-19,jumbo,USDT,2.2,1
2022-08-01,jumbo,USDC,0,1
2022-07-14,ref,USDT,311899.76,21
2021-10-14,ref,DAI,267411.7,58
2021-09-20,ref,DAI,512345.96,70
2022-05-25,ref,USDT,212941.43,22
2021-11-16,ref,USDT,744500.41,137
2022-02-22,ref,USDC,354568.2,17
2022-08-16,ref,USDT,320902.79,22
2022-11-16,ref,USN,628.46,7
2021-11-12,ref,USDC,5270.8,18
2022-11-01,ref,USDT,65857.72,13
2022-09-19,ref,USDC,241976.1,17
2021-09-03,ref,USDC,2824.28,23
2022-05-01,ref,USDT,4342888.38,31
2022-06-24,ref,USDC,964051.04,11
2022-05-04,ref,USDT,419478.37,28
2022-07-29,ref,USN,11715.64,5
2022-08-02,ref,USDC,433061.94,16
2022-09-27,ref,USDC,168547.37,13
2022-05-24,ref,DAI,5590.99,10
2022-06-19,ref,USDC,541930.21,10
2022-06-25,ref,DAI,7714.54,9
2021-12-04,ref,USDC,3285.96,12
2022-02-18,jumbo,USDT,88.79,1
2022-07-04,jumbo,USDT,69,3
2022-06-03,jumbo,USDT,135.86,4
2022-08-13,ref,USN,1059.61,4
2022-11-09,ref,USDT,1303610.53,24
2021-10-26,ref,USDT,1030687.34,388
2022-06-11,ref,USDC,362410.67,13
2022-01-23,ref,USDC,8370.45,19
2021-10-16,ref,USDC,2372.18,84
2021-10-20,ref,USDT,217504.01,185
2022-11-21,ref,USDC,222945.01,13
2022-04-13,ref,DAI,16655.09,9
2022-01-25,ref,USDT,452497.27,40
2022-02-18,ref,USDC,228242.73,24
2021-12-08,ref,USDT,859392.78,36
2022-09-15,ref,USN,5377.43,8
2022-11-15,ref,USN,531.94,4
2022-02-20,ref,DAI,54358.85,12
2022-03-15,ref,USDT,188013.82,7
2022-06-16,ref,USN,4446.92,15
2022-09-28,ref,USDC,79611.28,11
2021-09-07,ref,USDC,4385.07,17
2022-08-01,ref,USDC,185476.78,14
2022-08-07,ref,DAI,2725.05,5
2022-08-19,jumbo,USDT,1.43,1
2022-09-07,ref,USN,8357.6,8
2022-06-11,jumbo,USDT,298.64,4
2022-11-22,ref,USDT,213250.06,11
2022-07-16,ref,USN,3725.26,7
2022-04-17,jumbo,USDT,10.91,4
2022-02-03,ref,DAI,66778.08,15
2021-10-26,ref,USDC,64091.65,239
2021-09-02,ref,USDT,72404.67,134
2021-11-07,ref,USDT,111570.65,123
2022-04-25,ref,USDT,721304.77,61
2022-08-29,ref,USN,5653.04,7
2022-09-05,ref,USDT,70958.54,22
2022-07-12,jumbo,USDT,105.96,2
2022-06-21,ref,USDT,811452.39,26
2022-07-30,ref,USN,7740.02,6
2022-05-23,ref,DAI,7936.3,8
2022-07-16,ref,USDT,329109.79,20
2022-06-11,ref,USDT,719231.02,24
2022-11-20,jumbo,USDT,0.75,2
2022-03-04,ref,USDC,449062.6,27
2022-06-22,ref,USDC,379830.93,11
2022-02-03,ref,USDC,806.83,8
2022-05-21,ref,DAI,2157.98,3
2022-09-09,ref,USDC,185367.79,12
2021-11-09,ref,DAI,363473.57,33
2022-03-30,ref,USDT,126964.26,24
2022-09-21,ref,USDT,608768.74,29
2022-04-17,ref,USDC,275692.14,10
2022-03-03,ref,USDC,431412.39,18
2022-06-29,ref,USDT,529054.11,23
2022-09-10,ref,USDC,142193.17,8
2022-06-16,ref,DAI,8609.29,9
2022-11-20,ref,DAI,939.27,10
2022-04-01,jumbo,USDT,28.59,2
2022-09-11,ref,DAI,1474.92,6
2022-06-15,jumbo,USDT,713.87,3
2022-10-23,ref,USDT,131392.84,11
2022-05-30,jumbo,USDC,0.15,1
2022-03-11,jumbo,USDT,15.2,1
2022-02-10,ref,USDT,153224.97,28
2022-10-03,ref,USDC,71378.24,11
2022-07-23,jumbo,USDT,374.57,4
2022-10-26,ref,DAI,126.86,3
2021-12-09,ref,USDT,660665.97,29
2021-11-20,ref,USDT,1078086.66,101
2022-08-05,ref,DAI,6367.25,6
2022-01-23,ref,USDT,412254.95,52
2021-10-16,ref,DAI,62309.62,64
2022-06-22,jumbo,USDT,225.92,4
2022-01-30,ref,USDC,971.11,10
2022-10-02,ref,USN,2096.79,9
2022-01-08,ref,DAI,115984.6,29
2022-08-20,ref,USDC,253036.1,13
2022-07-18,ref,USDT,972195.28,25
2022-07-17,jumbo,USDT,71.33,2
2021-12-02,ref,USDT,555026.83,46
2022-10-23,ref,USN,491.53,6
2022-03-26,jumbo,USDT,26.56,3
2022-05-05,ref,USDC,293269.17,8
2022-05-23,ref,USN,1158.87,10
2022-10-18,ref,USDC,47024.28,7
2022-06-06,ref,DAI,3377.59,7
2022-05-02,ref,DAI,33277.5,9
2022-10-27,ref,USDC,334689.76,10
2022-05-13,jumbo,USDT,1.97,1
2022-11-04,ref,USDC,305843.51,9
2022-02-17,ref,USDT,453564.35,27
2022-01-02,ref,USDT,118401.64,31
2022-09-24,ref,USDT,246932.56,15
2022-11-14,ref,USDC,406286.19,12
2022-03-12,ref,USDT,130489.15,10
2021-11-02,ref,DAI,216787.05,60
2021-11-17,ref,USDT,419972.67,49
2022-11-14,ref,DAI,2548.62,10
2022-05-30,ref,DAI,5435.85,8
2022-11-11,ref,USDT,536312.69,17
2022-03-19,ref,DAI,4716.27,9
2022-09-25,ref,USDT,98916.49,20
2022-09-22,ref,DAI,513.47,5
2022-09-23,ref,USDC,216589.09,15
2021-12-20,ref,DAI,70180.94,26
2022-09-23,ref,USN,7717.75,9
2021-10-24,ref,DAI,305887.79,68
2022-06-30,jumbo,USDT,275.61,4
2022-07-05,ref,USDT,272482.8,27
2021-11-28,ref,DAI,254642.35,17
2022-05-27,ref,DAI,10308.62,9
2022-03-09,ref,USDC,239944.62,9
2022-05-15,jumbo,USDT,1.79,2
2022-10-06,ref,USN,3230.96,7
2022-11-19,jumbo,USDT,0.34,1
2022-10-06,jumbo,USDT,1.07,1
2022-05-28,jumbo,USDT,553.8,3
2021-10-31,ref,DAI,108580.56,134
2021-10-21,ref,USDT,683803.82,219
2022-07-02,ref,USDC,96204.74,10
2022-07-05,ref,USN,3873.01,6
2022-02-23,ref,DAI,125384.66,12
2022-04-05,ref,DAI,19285.33,17
2022-02-06,ref,DAI,100468.27,10
2022-07-19,ref,DAI,11030.8,7
2022-01-19,ref,DAI,147809.39,27
2022-07-24,jumbo,USDT,125.31,3
2021-12-09,ref,DAI,611641.48,17
2022-10-03,ref,DAI,793.77,12
2022-03-22,ref,USDT,68454.42,21
2022-10-24,ref,USDT,298236.89,13
2021-12-31,ref,USDC,1351.57,21
2022-09-27,jumbo,USDT,0.64,1
2022-11-13,ref,USN,620.38,9
2022-08-27,ref,USN,4205.49,7
2022-08-30,ref,USDC,320639.7,10
2022-02-10,ref,USDC,2122.75,15
2022-06-10,ref,DAI,3417.38,10
2022-02-19,ref,DAI,29229.42,13
2022-04-29,ref,DAI,4279.03,13
2022-02-25,ref,USDT,442347.26,26
2022-09-05,ref,USN,1190.19,7
2022-08-30,ref,USN,9033.94,8
2022-11-07,ref,USN,502.27,9
2022-09-17,ref,USN,2727.72,4
2022-11-22,ref,DAI,1442.76,6
2022-08-05,jumbo,USDC,0,1
2022-08-10,ref,USDT,1498267.99,30
2022-08-11,ref,USDT,458067.85,19
2021-12-17,ref,USDT,150359.79,39
2021-12-21,ref,USDC,3760.88,40
2021-12-18,ref,USDT,111670.98,30
2021-10-07,ref,USDC,9390.45,168
2022-05-20,ref,USN,1067.16,13
2021-10-08,ref,USDT,323541.75,238
2022-05-06,ref,USDT,256767.81,33
2022-02-24,ref,USDC,627985,29
2021-09-16,ref,DAI,128431.06,68
2021-10-28,ref,USDC,17674.2,51
2022-09-15,ref,USDT,326913.67,26
2021-09-17,ref,USDT,205679.85,70
2022-04-04,ref,DAI,43880.15,13
2022-06-07,ref,USDT,581761.17,20
2022-03-14,jumbo,USDT,102.56,3
2022-05-09,ref,USN,2940.44,3
2022-10-27,ref,DAI,2898.25,7
2022-07-22,ref,USDT,528728.5,22
2022-08-07,ref,USDC,232637.67,17
2022-02-20,jumbo,USDT,4141.5,2
2022-03-20,jumbo,USDT,12.65,3
2022-04-19,jumbo,USDT,4.25,2
2022-10-30,jumbo,USDT,32.68,1
2022-02-08,ref,DAI,95195.6,15
2022-03-31,ref,DAI,5922.6,7
2021-10-09,ref,USDC,5030.58,113
2021-09-21,ref,USDC,7621.13,30
2021-10-18,ref,DAI,75826.23,113
2021-09-28,ref,USDC,4623.23,108
2021-09-22,ref,DAI,476956.74,49
2021-11-15,ref,USDC,3108,23
2021-09-21,ref,USDT,752672.65,100
2022-01-16,ref,DAI,298232.99,29
2021-09-23,ref,DAI,716678.37,40
2021-11-13,ref,USDC,676.36,11
2022-09-24,ref,DAI,661.4,5
2022-07-27,ref,USN,7844.05,4
2022-09-07,ref,USDC,324774.85,13
2022-07-07,jumbo,USDT,61.28,2
2022-11-19,ref,USN,100.14,5
2022-09-16,ref,USN,6129.82,8
2022-07-02,ref,USN,1071.27,9
2022-08-22,ref,USDT,402701.8,17
2022-05-26,ref,USDT,247612.15,25
2022-10-16,ref,DAI,89.98,4
2022-06-06,jumbo,USDT,102.85,4
2022-05-04,jumbo,USDT,3.89,3
2022-08-11,ref,DAI,2114.06,5
2022-08-27,jumbo,USDT,0.41,2
2022-07-20,jumbo,USDT,109.66,2
2022-08-23,jumbo,USDC,0,1
2022-08-17,jumbo,USDT,0.1,1
2022-09-26,jumbo,USDT,0.98,1
2022-01-31,ref,DAI,156031.27,16
2022-10-04,ref,USDT,110413.09,15
2022-10-28,ref,USDC,140294.14,9
2021-10-30,ref,USDC,16624.95,84
2021-09-29,ref,USDT,413155.63,109
2022-06-12,ref,USN,6640.5,12
2021-09-27,ref,USDC,5741.76,93
2022-11-16,ref,USDT,125396.57,16
2022-03-19,jumbo,USDC,9.2,1
2022-05-20,ref,USDC,68105.6,9
2021-10-22,ref,USDC,13814.53,61
2022-09-03,ref,USN,184.95,7
2022-08-15,ref,USDT,411666.21,25
2022-01-11,ref,USDT,659018.03,50
2021-09-21,ref,DAI,354737.1,33
2022-05-30,ref,USN,1376.66,17
2022-09-01,ref,USN,3923.26,10
2022-07-10,ref,USDC,152163.67,19
2022-08-07,jumbo,USDT,6,4
2022-08-14,ref,USDC,80187.38,9
2022-03-05,ref,USDT,202049.55,22
2022-07-12,ref,DAI,1077.23,4
2022-02-06,ref,USDC,2251.13,7
2022-07-27,ref,USDC,379054.44,13
2022-09-29,jumbo,USDT,5.73,3
2022-03-09,jumbo,USDT,4.86,1
2022-06-29,ref,USDC,222791.25,10
2022-08-09,jumbo,USDT,0.19,1
2022-09-07,jumbo,USDT,0.68,2
2022-04-21,jumbo,USDT,11.33,3
2022-04-08,jumbo,USDC,1.42,1
2022-08-13,jumbo,USDT,0.22,1
2022-05-29,jumbo,USDC,0.28,1
2022-10-14,ref,USDT,233060.55,27
2021-10-11,ref,USDC,8517.27,72
2021-10-06,ref,USDC,11896.19,298
2022-05-28,ref,USDT,292876.54,18
2022-05-13,ref,USDT,2841414.33,51
2021-11-05,ref,DAI,411943.92,45
2021-11-21,ref,USDT,223910.05,75
2022-09-03,ref,USDC,21880.3,10
2022-04-09,ref,DAI,16784.18,13
2022-10-15,ref,USDC,29178.23,7
2022-03-02,ref,DAI,48689.59,19
2021-11-25,ref,USDT,176885.57,55
2022-03-24,jumbo,USDT,134.12,3
2022-08-05,ref,USDC,645923.89,13
2022-09-28,ref,USDT,175174.78,16
2022-08-18,ref,USDC,149295.68,10
2022-08-19,ref,USDC,778793.28,12
2022-07-31,ref,USDC,263192.04,13
2022-06-26,ref,USDT,645945.64,26
2022-11-22,ref,USDC,100288.63,11
2022-04-06,ref,DAI,49982.77,8
2022-08-12,ref,USDC,327042.68,14
2022-09-20,ref,USDT,549941.85,29
2021-11-25,ref,DAI,101189.68,22
2022-05-18,jumbo,USDT,4.33,2
2021-12-17,ref,USDC,260.38,9
2022-04-16,ref,USDC,81980.61,9
2022-09-05,ref,USDC,40543.61,12
2022-09-22,jumbo,USN,0.17,1
2022-03-15,ref,DAI,4256.08,3
2022-10-02,jumbo,USDT,31.36,1
2022-02-13,ref,USDC,2819.87,7
2021-09-11,ref,USDT,456241.43,103
2021-12-29,ref,DAI,260372.39,25
2021-11-05,ref,USDT,285708.4,78
2022-06-23,ref,USDT,548488.99,15
2022-03-26,ref,USDT,85452.24,30
2022-05-10,ref,USDC,4622751.66,12
2022-09-02,ref,USN,7299.86,13
2022-04-10,ref,USDC,147243.38,13
2022-09-09,ref,USN,7337.67,5
2022-07-21,ref,USDT,526723.3,18
2021-10-15,ref,DAI,185905.52,60
2022-06-14,jumbo,USDT,527.57,2
2022-05-29,ref,USDC,130840.75,5
2022-10-23,ref,USDC,75058.41,9
2022-02-15,ref,DAI,170909.81,16
2022-04-06,ref,USDC,410507.69,9
2022-08-21,ref,USN,2780.14,5
2022-06-23,jumbo,USDT,203.04,4
2022-11-05,ref,USDC,225037.71,11
2022-10-18,ref,USDT,103015.51,18
2022-03-26,ref,USDC,100423.48,6
2021-09-09,ref,DAI,731216.19,166
2021-10-05,ref,USDT,211168.26,418
2021-11-22,ref,DAI,142901.99,26
2022-10-18,ref,DAI,132.18,7
2021-11-17,ref,DAI,254889.95,37
2022-06-01,ref,USDC,417290.76,12
2022-10-06,ref,USDC,48021.02,8
2022-10-07,ref,USDT,61676.79,21
2021-11-30,ref,USDT,308313.97,37
2022-09-27,ref,USN,4347.92,10
2021-12-06,ref,USDT,519486.39,47
2022-04-05,ref,USDC,454124.04,8
2021-12-08,ref,DAI,494206.08,12
2022-01-28,ref,USDT,166375.62,26
2022-11-04,ref,USN,2806.06,7
2022-11-03,ref,USN,2336.91,8
2022-09-19,ref,DAI,1836.89,8
2022-03-30,jumbo,USDC,1.32,1
2021-12-19,ref,DAI,117737.86,12
2022-10-31,ref,USDT,222014.82,13
2022-02-05,ref,DAI,69306.85,13
2022-10-11,ref,DAI,821.1,7
2022-07-28,ref,DAI,4999.53,4
2022-11-06,ref,DAI,142.22,7
2022-08-16,ref,DAI,2281.93,5
2022-05-12,jumbo,USDC,0.5,1
2022-03-31,jumbo,USDC,1.21,1
2022-08-17,jumbo,USDC,0,1
2022-09-12,ref,USDC,498612.83,11
2021-11-01,ref,USDC,3314.96,44
2022-01-18,ref,USDT,403215.78,56
2022-06-06,ref,USN,1739.78,19
2021-11-16,ref,USDC,6281,21
2022-08-08,ref,USDC,434622.4,13
2022-01-30,ref,DAI,36961.51,14
2021-09-10,ref,USDC,5354.83,34
2021-11-17,ref,USDC,2609,16
2022-05-09,ref,DAI,103553.61,11
2022-11-19,ref,USDT,55723.23,13
2022-06-01,ref,USDT,747609.8,28
2022-08-04,ref,USN,12392.65,11
2022-04-29,ref,USDT,267055.66,38
2022-01-03,ref,USDC,17671.54,21
2022-07-18,ref,DAI,6444.06,7
2022-09-24,ref,USN,2964.62,6
2022-05-14,jumbo,USDT,0.62,1
2022-07-14,jumbo,USN,0.21,1
2022-01-28,ref,USDC,9876.1,13
2022-07-22,ref,DAI,3889.12,7
2022-08-12,jumbo,USDC,0,1
2022-08-21,ref,DAI,1796.51,3
2022-05-29,ref,DAI,3215.31,4
2022-07-28,jumbo,USDC,0,1
2021-12-24,ref,DAI,767347.29,39
2022-10-16,ref,USN,121.78,4
2022-09-07,ref,USDT,447057.51,14
2021-12-12,ref,USDC,1667.21,7
2022-01-17,ref,USDT,454629.33,79
2022-06-06,ref,USDT,500080.74,25
2021-12-04,ref,DAI,472926.87,19
2022-06-14,ref,USDC,912654.73,13
2021-09-12,ref,USDC,3592.05,23
2022-05-23,ref,USDT,330295.69,37
2021-12-12,ref,USDT,308079.5,43
2022-04-14,ref,USDC,379997.17,15
2022-09-25,ref,USDC,40673.18,11
2022-05-27,ref,USDT,675939.73,33
2022-03-20,ref,USDT,27117.92,29
2022-01-27,ref,DAI,176186.11,25
2022-10-01,ref,USN,190.58,6
2022-09-11,ref,USDC,245547.77,12
2022-01-18,ref,USDC,12097.57,21
2022-06-17,jumbo,USDT,210.18,4
2022-02-08,ref,USDT,177362.18,25
2021-10-31,ref,USDT,435736.19,195
2022-02-17,ref,DAI,289978.48,21
2021-11-06,ref,USDT,132139.35,90
2022-11-08,ref,USDT,1169510.42,18
2021-10-01,ref,DAI,311213.11,74
2021-11-07,ref,DAI,133709.64,70
2022-04-21,ref,USDC,646690.94,17
2022-10-01,ref,USDT,31991.7,12
2022-10-10,ref,USDC,36207.73,8
2022-04-09,ref,USDT,228480.97,37
2022-07-20,ref,USN,6767.89,11
2022-08-13,ref,USDC,132880.93,12
2022-09-13,ref,USDC,325883.1,15
2021-10-23,ref,USDC,6629.95,84
2022-04-11,ref,DAI,37073.43,14
2022-07-20,ref,DAI,6884.58,5
2022-10-30,ref,USDT,615227.54,16
2022-05-19,ref,DAI,13273.77,7
2021-11-19,ref,DAI,196955.83,47
2021-12-15,ref,USDC,1930.27,10
2022-08-31,ref,USN,8567.27,6
2022-01-26,ref,DAI,354552.81,19
2022-04-11,jumbo,USDT,1.63,1
2022-08-28,ref,USDC,106501.02,11
2022-06-20,ref,USDC,614946.55,14
2022-09-03,jumbo,USDT,0.03,1
2022-05-08,ref,USN,893.69,5
2022-03-18,jumbo,USDT,141.25,3
2022-06-01,jumbo,USDT,311.61,3
2022-09-18,ref,DAI,589.97,9
2022-11-21,jumbo,USDC,0.5,1
2022-05-17,jumbo,USDC,0.34,1
2022-07-11,jumbo,USN,1.33,1
2022-03-09,ref,USDT,288842.42,8
2022-02-21,ref,USDT,271807.77,26
2022-05-11,ref,USDT,4685130.71,71
2022-05-31,ref,USN,2062.77,16
2021-09-28,ref,USDT,118550.32,159
2021-11-18,ref,DAI,336166.03,73
2022-01-29,ref,DAI,55917.24,17
2021-10-10,ref,DAI,47299.71,95
2022-10-28,ref,DAI,552.88,7
2021-09-08,ref,USDC,4564.92,27
2022-06-19,ref,USDT,1013926.9,27
2022-01-25,ref,DAI,249567.36,30
2022-06-11,jumbo,USDC,0.28,1
2022-04-18,ref,DAI,17262.15,14
2022-03-25,ref,USDT,12969.24,16
2022-03-14,ref,USDT,259386.75,11
2022-07-29,ref,USDC,451879.79,10
2022-08-29,ref,USDT,384870.71,13
2022-04-02,ref,DAI,22596.82,5
2021-11-14,ref,USDC,2022.8,16
2022-03-31,ref,USDC,148097.03,7
2022-03-27,ref,DAI,3484.57,5
2022-05-07,ref,USN,688.95,5
2022-09-25,ref,DAI,31.19,4
2022-05-14,ref,DAI,16832.5,9
2022-04-06,jumbo,USDT,6.19,2
2022-03-13,ref,DAI,2306.33,5
2022-08-20,jumbo,USDT,1.24,1
2022-04-22,ref,USN,4.37,1
2022-03-16,jumbo,USDT,11.95,1
2022-04-27,ref,USN,1409.71,2
2022-09-10,jumbo,USDT,0.09,1
2022-10-02,ref,DAI,169.09,6
2022-07-07,ref,USDT,585040.76,22
2022-07-11,ref,USDT,945923.36,23
2022-01-13,ref,USDT,542662.77,48
2022-03-04,ref,USDT,461591.4,27
2021-10-15,ref,USDC,5916.93,54
2021-11-03,ref,DAI,428428.35,63
2022-06-13,ref,USN,15034.21,25
2022-04-27,ref,USDT,374111.64,41
2022-01-20,ref,USDT,459755.53,56
2021-11-27,ref,USDT,147302.88,41
2021-12-30,ref,USDC,10845.49,20
2021-12-16,ref,DAI,48330.44,18
2022-03-05,ref,DAI,9348.32,7
2022-03-10,ref,USDT,327352.99,10
2022-08-15,ref,USN,6778.65,13
2022-02-18,ref,USDT,328142.91,37
2022-06-15,ref,DAI,17029.03,7
2022-10-21,ref,USDC,108283.28,8
2022-06-02,jumbo,USDT,109.54,4
2022-07-23,ref,USDT,246325.73,22
2022-04-12,ref,USDT,307910.76,24
2022-07-04,ref,USN,2666.18,6
2022-03-29,ref,DAI,17232.31,6
2022-03-06,ref,USDC,299332.33,21
2022-03-25,jumbo,USDT,13.34,4
2022-08-24,ref,DAI,1588.06,3
2022-04-09,jumbo,USDT,5.45,2
2022-07-13,ref,DAI,3086.54,5
2022-10-04,ref,DAI,156.26,3
2022-08-24,ref,USN,9167.84,5
2022-02-24,ref,DAI,170187.81,24
2021-10-08,ref,DAI,200179.82,169
2021-09-18,ref,DAI,231002.98,52
2022-09-09,ref,USDT,585612.1,20
2022-06-08,ref,USDT,349459.42,21
2021-11-10,ref,USDT,594916.9,99
2022-08-14,ref,USDT,152638.68,20
2021-10-28,ref,DAI,443550.52,83
2022-07-04,ref,USDT,382225.87,17
2021-11-26,ref,USDT,145221.36,34
2022-11-16,ref,USDC,106588.82,11
2022-09-20,ref,USN,6930.95,12
2021-12-14,ref,USDT,278599.67,37
2021-10-21,ref,DAI,434970.65,56
2022-01-04,ref,USDC,144169.47,32
2022-10-12,ref,USDT,139433.38,17
2022-10-15,ref,USDT,36335.34,17
2022-09-15,ref,USDC,165511.3,17
2022-08-25,ref,USDC,118361.13,9
2022-08-24,ref,USDC,165886.1,8
2022-04-15,ref,DAI,8496.57,9
2021-09-02,ref,DAI,11620.55,38
2022-06-17,ref,DAI,8036.52,7
2022-08-28,ref,USN,9583.33,7
2022-06-05,jumbo,USDC,0.73,1
2022-03-31,jumbo,USDT,1.22,1
2022-03-23,jumbo,USDC,29.2,1
2022-06-29,jumbo,USDC,0.21,1
2022-05-06,jumbo,USDT,1.01,1
2022-07-14,ref,USDC,164965.17,11
2021-12-28,ref,USDT,507774.7,95
2022-01-07,ref,USDT,506035.55,41
2021-10-12,ref,USDT,254728.78,137
2022-06-30,ref,DAI,3584.98,13
2022-05-08,ref,USDC,973236.6,14
2021-11-03,ref,USDT,558851.19,141
2022-08-20,ref,USDT,509263.07,20
2021-09-19,ref,USDC,5660.11,44
2022-06-26,ref,USDC,314269.14,12
2022-03-12,jumbo,USDT,12.39,2
2022-02-14,ref,USDT,141531.66,23
2022-01-09,ref,USDC,2121.16,23
2022-07-06,ref,USDC,240073.17,12
2022-06-28,ref,USDT,248853.6,32
2022-01-07,ref,DAI,646122.03,24
2022-02-22,jumbo,USDT,249.49,2
2022-03-04,ref,DAI,98557.62,17
2022-01-27,ref,USDT,430888.78,26
2022-07-13,ref,USDC,239891.12,10
2022-11-12,ref,DAI,3658.88,7
2022-09-14,ref,DAI,620.89,5
2022-10-07,ref,USN,4441.64,6
2021-11-20,ref,USDC,6477.7,22
2022-07-10,ref,USDT,202623.09,25
2022-06-07,jumbo,USDT,169.41,3
2022-03-20,ref,DAI,1528.78,11
2022-04-30,ref,USDC,2190760.22,12
2022-05-07,ref,USDC,111104.7,13
2022-08-04,jumbo,USDC,0,1
2022-07-17,ref,DAI,2944,6
2022-08-10,ref,USDC,697602.6,14
2022-07-08,ref,USN,2841,5
2022-01-09,ref,DAI,93542.42,26
2022-01-14,ref,DAI,172078.89,25
2022-04-28,ref,USDT,305722.64,30
2021-12-14,ref,DAI,158607.14,16
2022-07-08,ref,USDC,232986.88,15
2021-11-01,ref,DAI,353693.8,68
2022-04-18,ref,USDT,308945.09,46
2021-12-03,ref,USDT,825097.98,26
2021-11-21,ref,DAI,41710.75,27
2021-11-28,ref,USDT,470321.07,47
2022-04-14,ref,USDT,423862.89,15
2021-11-06,ref,USDC,7496.06,30
2022-02-04,ref,USDC,3686.31,6
2022-10-03,ref,USN,819.94,7
2022-10-12,ref,USDC,93825.62,9
2022-06-27,ref,USDC,287069.69,11
2022-03-05,ref,USDC,185036.81,18
2021-12-13,ref,USDC,799.36,7
2022-11-08,ref,USN,2495.71,10
2022-08-21,ref,USDT,408729.25,13
2022-05-11,jumbo,USDC,0.5,1
2022-07-15,jumbo,USDT,155.77,4
2022-05-17,jumbo,USDT,7.25,2
2022-11-20,ref,USDC,46223.05,15
2021-11-09,ref,USDT,447274.1,64
2021-09-11,ref,USDC,2535.18,23
2022-06-15,ref,USN,13378.19,14
2021-12-10,ref,USDT,590385.3,43
2021-12-23,ref,USDC,30804.07,28
2021-10-17,ref,USDT,80802.2,139
2022-09-22,ref,USDT,379680.88,16
2021-09-09,ref,USDC,3998.67,35
2021-10-02,ref,USDC,8967.8,82
2021-12-11,ref,USDT,776395.68,47
2022-02-08,ref,USDC,924.29,8
2022-10-29,ref,USDT,247828.75,15
2022-04-21,ref,DAI,17447.8,14
2022-05-15,ref,DAI,22826.11,6
2022-05-02,ref,USDT,2133785.21,38
2022-03-21,ref,DAI,3227.1,7
2022-10-26,ref,USDC,120899.15,9
2022-10-11,ref,USDT,247176.99,19
2022-10-09,ref,USDC,8131.14,6
2022-06-11,ref,USN,3381.1,10
2022-06-30,ref,USDC,197339.38,14
2022-07-28,ref,USN,7022.91,8
2022-02-17,ref,USDC,64798.14,19
2022-03-08,ref,DAI,6838,4
2022-06-13,ref,USDT,2953129.37,44
2022-08-23,ref,DAI,2725.01,3
2022-09-29,ref,DAI,1670.41,7
2022-06-12,ref,USDC,808416.25,13
2021-12-29,ref,USDC,6613.87,18
2022-10-05,ref,DAI,278.51,6
2022-08-08,jumbo,USDC,0,1
2022-02-07,ref,USDC,14495.21,27
2022-08-17,ref,USDC,132160.7,11
2022-10-25,ref,USDT,220660.38,17
2021-11-16,ref,DAI,352790.17,67
2021-10-01,ref,USDT,469559.21,94
2022-04-23,ref,USDT,198319.03,28
2022-08-23,ref,USN,14753,6
2022-06-07,ref,USDC,230672.72,10
2022-05-04,ref,USN,1047.63,4
2021-11-13,ref,USDT,206641.75,56
2022-08-28,ref,DAI,701.58,6
2022-09-10,ref,USN,4614.16,8
2022-06-04,ref,USN,1352.07,13
2021-09-03,ref,DAI,249596.34,47
2022-01-20,ref,DAI,258697.55,27
2022-06-23,ref,USDC,310244.75,9
2022-04-16,ref,USDT,81494.25,26
2022-09-18,ref,USDC,70121.48,15
2022-07-10,ref,USN,2353.76,12
2022-10-22,ref,USDC,54705.52,7
2022-10-29,ref,USN,1295.64,6
2022-05-25,ref,USDC,162615.42,10
2022-09-03,ref,DAI,119.62,2
2022-09-04,jumbo,USDC,0,1
2021-10-28,ref,USDT,745758.12,206
2021-12-07,ref,DAI,171623.36,17
2022-01-15,ref,USDC,9811.38,19
2021-10-07,ref,USDT,569215.78,246
2021-11-29,ref,USDT,141664.46,134
2021-09-30,ref,USDT,241615.02,133
2022-11-02,ref,USDT,283579.95,16
2022-03-22,ref,DAI,7209.4,12
2022-01-06,ref,USDT,483506.99,58
2021-12-25,ref,DAI,277566.13,53
2022-01-27,ref,USDC,17595.96,18
2022-11-03,ref,DAI,483.86,6
2022-04-27,ref,DAI,5934.39,8
2022-02-02,ref,DAI,150260.38,17
2022-09-12,ref,DAI,2513.1,7
2022-08-16,ref,USN,3369.9,13
2022-05-16,jumbo,USDT,11.09,5
2022-01-21,ref,DAI,812004.56,40
2022-10-24,ref,USDC,186235.91,10
2022-10-17,ref,USN,591.81,6
2022-06-22,ref,DAI,5044.12,9
2022-10-25,ref,DAI,478.4,8
2022-06-08,ref,DAI,2636.39,6
2022-04-20,ref,DAI,17593.67,12
2022-02-11,ref,DAI,64537.97,13
2022-08-06,jumbo,USDT,0.27,1
2022-02-28,ref,DAI,80381.06,13
2022-05-10,ref,DAI,143864.27,16
2021-09-07,ref,DAI,963036.69,124
2021-12-07,ref,USDT,273083.48,46
2021-12-13,ref,USDT,439808,32
2022-11-13,ref,USDT,372916.78,21
2021-11-22,ref,USDC,3009.74,17
2021-12-04,ref,USDT,792418.72,41
2021-09-26,ref,USDT,815931.8,154
2021-09-20,ref,USDT,1249687.99,140
2021-12-05,ref,USDT,413608.51,29
2022-06-18,jumbo,USDT,536.5,4
2022-07-15,ref,USN,8371.32,7
2022-07-25,ref,USN,21469.38,10
2022-06-29,ref,USN,3365.29,8
2022-06-07,ref,USN,2266.29,11
2022-02-12,ref,USDC,6713.57,13
2022-08-02,ref,USN,10250.8,10
2022-04-26,ref,USN,7004.64,4
2022-04-19,ref,USDC,776899,14
2022-07-25,jumbo,USDT,232.65,3
2022-06-05,ref,USDC,100495.03,10
2022-06-05,jumbo,USDT,231.64,4
2022-09-22,ref,USDC,158187.7,11
2022-06-02,jumbo,USDC,0.61,1
2022-09-22,jumbo,USDC,0,1
2022-07-17,ref,USDT,381484.02,14
2021-09-18,ref,USDT,451802.96,55
2022-07-24,ref,USDT,367739.78,17
2021-11-23,ref,DAI,179931.11,31
2021-10-04,ref,USDC,10966.12,213
2022-03-23,ref,USDC,127139.91,11
2021-09-14,ref,USDT,565905.77,54
2022-09-14,ref,USN,6671.48,11
2022-04-13,ref,USDC,243118.68,21
2022-11-04,ref,DAI,309.77,5
2022-02-05,ref,USDT,189463.31,26
2022-04-03,ref,USDT,363186.63,25
2022-05-05,ref,USDT,358288.69,35
2022-07-23,ref,USDC,189131.88,10
2021-09-12,ref,USDT,451455.03,66
2022-10-12,ref,DAI,345.8,7
2021-12-09,ref,USDC,612.05,7
2022-06-16,ref,USDC,396748.04,17
2022-09-30,ref,USDT,125568.67,17
2022-01-15,ref,DAI,91371.63,26
2022-11-08,ref,DAI,4579.2,10
2022-08-30,ref,USDT,610309.31,17
2022-06-26,ref,USN,3404.83,7
2022-08-18,ref,USN,4836.73,8
2022-11-07,ref,USDC,107674.53,7
2022-07-31,ref,USDT,230919.73,20
2022-08-12,ref,DAI,3958.84,4
2022-10-09,ref,USDT,14790.6,11
2022-09-26,ref,USN,2479.23,6
2022-06-07,ref,DAI,4574.19,5
2022-03-19,ref,USDC,156428.38,8
2022-07-27,jumbo,USDC,0,1
2022-04-23,jumbo,USDT,3.69,1
2022-10-05,jumbo,USDT,39.68,2
2022-11-18,jumbo,USDC,0.03,1
2022-08-13,ref,USDT,276958.59,15
2021-10-26,ref,DAI,420402.06,188
2022-07-19,ref,USDC,817982.26,15
2022-05-30,ref,USDC,173859.28,10
2021-10-05,ref,DAI,178968.75,229
2021-11-13,ref,DAI,97352.55,34
2022-02-27,ref,USDC,195977.64,21
2022-03-06,ref,USDT,280512.5,26
2022-09-15,ref,DAI,2545.64,13
2022-09-21,ref,USN,11219.3,11
2022-05-12,ref,USN,5952.9,50
2021-10-04,ref,DAI,258940.02,173
2022-09-19,ref,USDT,461820.07,14
2022-08-02,ref,USDT,595505.92,20
2022-04-20,jumbo,USDT,154.24,3
2022-07-18,ref,USN,7258.92,5
2022-10-20,ref,USDT,182120.27,12
2022-06-04,ref,DAI,2413.55,7
2022-06-25,ref,USDT,1485174.93,28
2022-01-21,ref,USDC,28574.35,27
2022-03-16,ref,USDC,279544.09,6
2022-09-17,ref,DAI,200.33,4
2022-08-25,jumbo,USDT,6.13,3
2021-12-18,ref,USDC,292.53,12
2022-05-02,ref,USDC,1476731.15,13
2022-08-19,ref,USN,15297.6,18
2022-07-09,jumbo,USDT,108.47,4
2022-09-16,ref,DAI,280.55,6
2022-01-26,ref,USDC,5663.63,17
2022-07-14,ref,DAI,1948.25,6
2022-11-02,jumbo,USDT,12.73,1
2022-09-22,jumbo,USDT,0.17,1
2022-05-12,jumbo,USDT,10.48,3
2022-09-10,ref,DAI,293.27,5
2022-01-05,ref,DAI,288785.43,34
2022-09-17,ref,USDC,81999.87,9
2022-09-20,ref,USDC,224713.26,19
2021-12-07,ref,USDC,336.17,7
2021-09-30,ref,USDC,8156.43,54
2021-10-29,ref,USDC,20734,73
2022-10-14,ref,DAI,440.29,8
2021-11-02,ref,USDC,6934.29,27
2022-05-06,ref,USDC,155311.55,11
2022-09-27,ref,DAI,777.12,6
2021-09-29,ref,USDC,1714.66,36
2022-09-24,ref,USDC,118581.67,11
2022-07-11,ref,USN,7946.16,10
2022-06-08,ref,USDC,110322.57,10
2022-03-18,ref,USDC,131433.54,9
2022-07-08,jumbo,USDT,280.38,3
2022-07-11,jumbo,USDT,873.9,4
2022-10-24,ref,USN,10438.56,9
2022-03-28,jumbo,USDT,3.93,1
2022-06-27,jumbo,USDT,410.81,2
2022-09-17,jumbo,USDT,0.08,1
2022-02-22,ref,DAI,105333.81,19
2021-10-31,ref,USDC,5806.83,79
2021-10-21,ref,USDC,6200.99,36
2021-10-04,ref,USDT,288240.58,261
2022-01-12,ref,USDC,11250.05,19
2021-10-25,ref,USDT,1861644.21,188
2021-09-28,ref,DAI,108930.96,76
2022-07-13,ref,USN,4644.34,7
2021-12-21,ref,DAI,110905.72,48
2021-12-22,ref,USDT,684827.66,39
2021-10-20,ref,USDC,2030.24,55
2021-09-16,ref,USDT,174912.23,73
2022-05-29,jumbo,USDT,96.14,4
2022-01-04,ref,USDT,605395.8,51
2022-10-27,ref,USDT,580633.65,17
2021-09-24,ref,USDC,9590.07,59
2022-09-30,ref,DAI,299.24,6
2022-11-14,ref,USDT,696412.85,18
2022-03-11,ref,USDC,204667.92,6
2022-07-20,ref,USDT,674074.9,29
2022-06-02,ref,DAI,4311.55,8
2022-01-26,ref,USDT,480914.66,35
2022-10-16,ref,USDC,60046.99,6
2022-10-26,ref,USDT,199052.7,13
2021-12-11,ref,DAI,417500.06,35
2021-12-12,ref,DAI,84552.94,16
2022-11-07,ref,DAI,92,7
2022-05-18,ref,DAI,11455.32,9
2022-05-01,ref,USDC,4562685.47,8
2022-02-28,jumbo,USDT,37.61,1
2022-05-20,jumbo,USDT,1.53,1
2022-07-12,ref,USDC,81953.06,11
2022-04-26,jumbo,USDC,2.88,1
2022-11-09,ref,DAI,7681.62,13
2022-07-13,ref,USDT,434607.66,17
2021-10-13,ref,USDC,5463.22,64
2022-09-12,ref,USDT,1002894.97,29
2022-03-02,jumbo,USDT,29.14,2
2021-10-27,ref,USDC,18146.25,290
2022-06-18,ref,USDT,867543.17,29
2021-09-23,ref,USDT,914181.86,152
2022-01-15,ref,USDT,210598.95,48
2021-10-13,ref,DAI,94355.3,51
2022-05-22,ref,USN,333.3,11
2022-01-29,ref,USDT,97576.99,24
2022-02-28,ref,USDC,321866.14,25
2022-03-08,ref,USDT,125156.84,4
2022-09-16,ref,USDT,264720.15,18
2022-06-09,jumbo,USDT,102.02,4
2022-09-08,jumbo,USDC,0.1,2
2022-10-13,ref,USDC,381007.06,11
2022-03-06,jumbo,USDT,71.76,3
2022-10-29,ref,DAI,197.02,4
2022-06-20,ref,DAI,10595.01,6
2022-06-26,jumbo,USDT,198.67,3
2022-01-10,ref,USDT,522123.63,38
2022-10-10,ref,USN,3021.86,7
2022-08-01,ref,USN,5431.84,11
2022-11-17,ref,USDC,58266.23,8
2022-04-26,ref,DAI,16037.42,15
2022-03-28,ref,USDC,44212.31,10
2022-05-05,jumbo,USDT,2.94,3
2022-07-26,ref,DAI,1720.13,7
2022-04-24,ref,DAI,1728.65,6
2022-03-13,ref,USDC,90024.17,6
2022-10-04,jumbo,USDT,0.72,1
2022-05-21,jumbo,USDT,18.28,2
2022-04-10,ref,USDT,173566.28,36
2021-10-02,ref,DAI,242482.66,123
2022-04-25,jumbo,USDC,312.19,2
2021-10-07,ref,DAI,333336.83,174
2021-11-23,ref,USDT,297144.13,58
2022-10-18,ref,USN,6474.66,8
2022-09-26,ref,USDT,224098.3,15
2022-05-27,ref,USN,4305.3,26
2022-09-17,ref,USDT,200659.32,17
2022-09-06,ref,USN,15590.79,11
2022-03-02,ref,USDC,440663.46,25
2021-11-23,ref,USDC,1634.79,15
2022-04-14,ref,DAI,21210.14,21
2022-09-11,ref,USDT,417296.85,18
2022-03-10,ref,DAI,30606.5,7
2022-11-05,ref,USDT,403446.39,12
2022-07-30,jumbo,USDT,13.99,2
2022-11-11,jumbo,USDT,1.7,2
2022-04-21,ref,USN,0,1
2022-04-04,jumbo,USDT,286.73,4
2022-04-17,ref,USN,0,1
2022-06-04,jumbo,USDT,30.5,2
2022-03-03,jumbo,USDC,47.7,1
2022-04-23,ref,USN,28.94,2
2022-04-29,ref,USN,1101.97,3
2022-04-24,ref,USN,1.17,1
2021-09-22,ref,USDC,4304.94,21
2022-09-30,ref,USDC,68491.19,16
2022-05-16,ref,USDC,155483.94,10
2021-10-24,ref,USDT,328308.19,133
2022-05-01,jumbo,USDT,3.61,2
2022-09-19,ref,USN,9139.92,10
2022-02-26,ref,DAI,54457.17,12
2022-06-27,ref,USDT,466998.97,25
2022-05-31,ref,USDC,278224.29,13
2022-08-31,ref,USDT,482165.08,19
2022-01-07,ref,USDC,6779.45,18
2022-02-21,ref,DAI,75184.68,16
2022-06-16,ref,USDT,798144.63,34
2022-07-22,ref,USDC,325772.26,14
2021-11-08,ref,USDT,241502.43,76
2022-01-16,ref,USDC,100226.56,22
2021-09-06,ref,USDC,671.27,15
2022-09-02,ref,USDT,193653.38,21
2022-11-11,ref,DAI,2843.49,7
2022-02-18,ref,DAI,146514.12,22
2022-08-23,ref,USDT,601095.7,19
2022-05-25,ref,DAI,2538.84,9
2022-07-29,jumbo,USDC,0,1
2022-08-13,ref,DAI,785.78,4
2022-11-18,ref,DAI,218.35,5
2022-09-19,jumbo,USDT,0.16,2
2022-08-18,ref,DAI,1670.88,5
2022-03-11,ref,DAI,8832.96,5
2022-08-11,jumbo,USDT,0.15,1
2022-02-26,jumbo,USDT,91.95,2
